ticket_id,priority,month,product,tier,first_response_min,resolution_hours,sla_met,status
T10001,P3,Aug,TL-410,Gold,70,53.7,Yes,Closed
T10002,P3,Jan,TL-110,Gold,216,33.0,Yes,Closed
T10003,P4,Feb,FC-410,Standard,221,38.5,Yes,Closed
T10004,P2,Oct,FC-120,Gold,34,4.0,Yes,Closed
T10005,P1,Jul,TL-120,Gold,14,2.0,Yes,Closed
T10006,P1,Nov,TL-120,Standard,14,2.9,Yes,Closed
T10007,P2,Feb,VX-210,Gold,17,2.0,Yes,Closed
T10008,P4,Jun,SM-310,Gold,127,71.2,Yes,Closed
T10009,P4,Jun,HP-410,Standard,318,94.7,Yes,Closed
T10010,P3,Jun,TL-120,Standard,385,54.9,No,Closed
T10011,P2,Jul,VX-310,Standard,23,3.6,Yes,Closed
T10012,P4,Jun,TL-220,Platinum,397,134.2,Yes,Closed
T10013,P2,Oct,SM-110,Gold,11,3.5,Yes,Closed
T10014,P3,Oct,VX-110,Gold,410,51.4,No,Closed
T10015,P2,Mar,HP-310,Gold,40,6.7,Yes,Closed
T10016,P4,May,VX-310,Gold,168,124.1,Yes,Closed
T10017,P4,Nov,SM-410,Platinum,265,141.7,Yes,Closed
T10018,P4,Jun,HP-220,Gold,184,134.8,Yes,Closed
T10019,P3,Sep,VX-310,Platinum,155,19.1,Yes,Closed
T10020,P1,Feb,FC-410,Standard,6,3.4,Yes,Closed
T10021,P2,Sep,TL-220,Gold,45,3.6,Yes,Closed
T10022,P2,Mar,FC-410,Standard,9,5.4,Yes,Closed
T10023,P4,Dec,SM-310,Standard,173,76.3,Yes,Closed
T10024,P4,May,VX-120,Gold,305,122.4,Yes,Closed
T10025,P3,Mar,TL-110,Standard,116,41.3,Yes,Closed
T10026,P2,Aug,SM-210,Gold,50,6.2,Yes,Closed
T10027,P4,Dec,TL-310,Platinum,405,72.4,Yes,Closed
T10028,P2,Nov,TL-110,Standard,36,3.4,Yes,Closed
T10029,P4,Nov,SM-310,Platinum,137,51.0,Yes,Closed
T10030,P2,Dec,HP-210,Standard,25,4.7,Yes,Closed
T10031,P3,Apr,FC-120,Gold,68,10.1,Yes,Closed
T10032,P2,Oct,HP-120,Standard,17,5.5,Yes,Closed
T10033,P2,Jul,VX-110,Standard,22,4.6,Yes,Closed
T10034,P3,Mar,FC-310,Standard,193,48.7,Yes,Closed
T10035,P2,Mar,HP-120,Standard,97,1.9,No,Closed
T10036,P4,Feb,SM-120,Platinum,203,65.7,Yes,Closed
T10037,P2,Apr,HP-120,Gold,33,5.8,Yes,Closed
T10038,P3,Jan,VX-220,Standard,395,34.4,No,Closed
T10039,P4,Aug,HP-310,Standard,414,80.2,Yes,Closed
T10040,P3,Aug,VX-120,Standard,423,7.9,No,Closed
T10041,P2,Feb,HP-310,Standard,47,9.1,No,Closed
T10042,P3,Jul,SM-410,Platinum,222,23.8,Yes,Closed
T10043,P3,Mar,VX-310,Standard,216,32.8,Yes,Closed
T10044,P2,Jan,FC-220,Gold,12,2.6,Yes,Closed
T10045,P3,Aug,FC-120,Standard,288,18.2,No,Closed
T10046,P2,Dec,SM-110,Standard,30,11.2,No,Closed
T10047,P4,Jan,FC-210,Gold,716,35.7,No,Closed
T10048,P2,Jan,HP-110,Standard,32,1.5,Yes,Closed
T10049,P2,Jun,TL-210,Standard,52,5.5,Yes,Closed
T10050,P4,Jul,TL-220,Standard,399,51.1,Yes,Closed
T10051,P3,Nov,HP-110,Platinum,82,41.8,Yes,Closed
T10052,P3,Feb,HP-220,Platinum,120,63.8,Yes,Closed
T10053,P4,Sep,FC-220,Platinum,76,44.8,Yes,Closed
T10054,P3,Apr,HP-410,Gold,138,10.6,Yes,Closed
T10055,P3,Oct,HP-120,Standard,109,26.7,Yes,Closed
T10056,P4,May,TL-210,Platinum,567,105.4,No,Closed
T10057,P2,Oct,SM-410,Standard,42,3.3,Yes,Closed
T10058,P4,Aug,SM-310,Gold,173,132.2,Yes,Closed
T10059,P4,Jan,TL-120,Gold,197,141.9,Yes,Closed
T10060,P3,Oct,FC-220,Standard,39,12.0,Yes,Closed
T10061,P2,Sep,SM-310,Standard,52,3.7,Yes,Closed
T10062,P3,Jul,FC-210,Standard,203,24.7,Yes,Closed
T10063,P2,Apr,TL-110,Platinum,25,5.5,Yes,Closed
T10064,P2,Apr,FC-110,Platinum,29,4.8,Yes,Closed
T10065,P2,Aug,FC-410,Standard,40,7.6,Yes,Closed
T10066,P4,Jun,VX-110,Gold,455,31.7,Yes,Closed
T10067,P3,Mar,FC-410,Standard,423,59.2,No,Closed
T10068,P3,Jun,VX-310,Gold,361,36.2,No,Closed
T10069,P3,Aug,SM-310,Gold,201,57.9,Yes,Closed
T10070,P2,Jul,TL-120,Gold,18,6.3,Yes,Closed
T10071,P3,Mar,VX-120,Standard,120,7.2,Yes,Closed
T10072,P3,Apr,HP-110,Standard,328,13.7,No,Closed
T10073,P1,Aug,FC-410,Standard,5,1.3,Yes,Closed
T10074,P3,Jul,HP-220,Gold,154,66.3,Yes,Closed
T10075,P3,Jul,HP-410,Platinum,222,44.9,Yes,Closed
T10076,P3,Jul,VX-120,Standard,142,21.4,Yes,Closed
T10077,P3,Jun,TL-410,Standard,127,28.5,Yes,Closed
T10078,P4,Oct,FC-120,Platinum,78,38.6,Yes,Closed
T10079,P2,Mar,VX-110,Standard,23,4.6,Yes,Closed
T10080,P3,Jun,FC-120,Platinum,164,19.4,Yes,Closed
T10081,P1,Feb,VX-210,Standard,13,1.7,Yes,Closed
T10082,P2,Feb,FC-220,Standard,56,1.2,Yes,Closed
T10083,P3,Aug,VX-410,Gold,81,47.8,Yes,Closed
T10084,P4,Mar,TL-220,Standard,823,57.8,No,Closed
T10085,P4,Dec,SM-410,Platinum,687,52.1,No,Closed
T10086,P2,Nov,HP-120,Gold,13,1.0,Yes,Closed
T10087,P1,Nov,VX-120,Standard,5,0.5,Yes,Closed
T10088,P4,Mar,SM-410,Standard,122,158.4,Yes,Closed
T10089,P1,Feb,SM-310,Standard,11,1.9,Yes,Closed
T10090,P3,Feb,SM-120,Platinum,78,84.3,No,Closed
T10091,P2,Apr,VX-110,Standard,48,6.5,Yes,Closed
T10092,P4,Sep,VX-110,Gold,312,98.1,Yes,Closed
T10093,P2,Sep,TL-110,Standard,42,7.1,Yes,Closed
T10094,P3,Aug,SM-220,Standard,116,18.1,Yes,Closed
T10095,P3,Apr,SM-410,Platinum,226,25.8,Yes,Closed
T10096,P4,Mar,VX-210,Platinum,161,142.0,Yes,Closed
T10097,P3,Aug,HP-410,Standard,85,31.7,Yes,Closed
T10098,P1,Sep,TL-410,Standard,8,2.0,Yes,Closed
T10099,P2,Jan,FC-310,Standard,39,4.6,Yes,Closed
T10100,P3,Oct,SM-410,Gold,188,27.4,Yes,Closed
T10101,P4,Oct,FC-410,Standard,106,125.2,Yes,Closed
T10102,P3,Apr,FC-210,Standard,80,10.8,Yes,Closed
T10103,P3,Jun,TL-210,Standard,86,7.6,Yes,Closed
T10104,P3,Jun,TL-120,Standard,160,52.3,Yes,Closed
T10105,P3,Nov,FC-410,Gold,198,67.9,Yes,Closed
T10106,P3,May,SM-220,Platinum,94,35.6,Yes,Closed
T10107,P4,Oct,VX-310,Standard,146,18.5,Yes,Closed
T10108,P4,Dec,SM-120,Standard,121,150.0,Yes,Closed
T10109,P4,Jun,HP-120,Standard,72,123.1,Yes,Closed
T10110,P2,Apr,HP-110,Gold,56,6.0,Yes,Closed
T10111,P3,Nov,HP-410,Standard,135,93.9,No,Closed
T10112,P3,Jun,TL-110,Standard,83,93.5,No,Closed
T10113,P4,Aug,VX-110,Standard,154,147.3,Yes,Closed
T10114,P3,Feb,SM-220,Standard,166,25.7,Yes,Closed
T10115,P1,Apr,SM-120,Standard,22,0.8,No,Closed
T10116,P4,Sep,TL-110,Gold,428,210.8,No,Closed
T10117,P2,Oct,FC-410,Standard,45,7.1,Yes,Closed
T10118,P2,Nov,FC-210,Standard,53,1.4,Yes,Closed
T10119,P3,Jul,FC-120,Standard,322,20.7,No,Closed
T10120,P3,Sep,HP-310,Platinum,112,7.6,Yes,Closed
T10121,P2,Feb,FC-110,Standard,18,4.7,Yes,Closed
T10122,P2,Feb,HP-410,Standard,26,1.7,Yes,Closed
T10123,P2,Jan,FC-210,Standard,12,7.1,Yes,Closed
T10124,P2,Jun,TL-120,Standard,42,3.4,Yes,Closed
T10125,P4,Oct,VX-220,Standard,429,81.6,Yes,Closed
T10126,P3,Sep,SM-210,Standard,181,51.0,Yes,Closed
T10127,P2,Aug,VX-220,Standard,43,7.5,Yes,Closed
T10128,P1,May,FC-110,Standard,2,0.7,Yes,Closed
T10129,P4,Oct,TL-120,Platinum,386,41.7,Yes,Closed
T10130,P2,Mar,HP-220,Standard,31,3.2,Yes,Closed
T10131,P2,Sep,TL-410,Standard,73,4.3,No,Closed
T10132,P3,Apr,FC-410,Gold,407,20.1,No,Closed
T10133,P2,May,TL-110,Standard,19,3.7,Yes,Closed
T10134,P4,Dec,FC-110,Standard,591,126.5,No,Closed
T10135,P3,Dec,SM-210,Platinum,155,66.7,Yes,Closed
T10136,P4,Jul,VX-120,Standard,278,124.2,Yes,Closed
T10137,P4,Jan,HP-120,Standard,98,26.7,Yes,Closed
T10138,P3,Aug,SM-110,Platinum,116,56.1,Yes,Closed
T10139,P3,Mar,HP-210,Gold,46,53.3,Yes,Closed
T10140,P4,Jun,HP-310,Gold,257,82.9,Yes,Closed
T10141,P2,Mar,VX-120,Gold,22,4.8,Yes,Closed
T10142,P3,Jun,HP-110,Standard,160,60.0,Yes,Closed
T10143,P2,Oct,VX-110,Platinum,84,10.0,No,Closed
T10144,P3,Jan,FC-410,Standard,63,59.0,Yes,Closed
T10145,P2,Oct,HP-220,Standard,47,1.5,Yes,Closed
T10146,P4,Apr,TL-120,Platinum,296,86.2,Yes,Closed
T10147,P3,Feb,FC-110,Standard,107,13.5,Yes,Closed
T10148,P2,Jul,TL-110,Gold,21,4.6,Yes,Closed
T10149,P1,Mar,FC-120,Platinum,12,1.3,Yes,Closed
T10150,P3,Jul,TL-110,Gold,285,45.4,No,Closed
T10151,P2,Jun,HP-120,Standard,52,6.1,Yes,Closed
T10152,P4,Dec,VX-120,Standard,593,45.2,No,Closed
T10153,P3,Mar,HP-120,Platinum,152,34.7,Yes,Closed
T10154,P3,Dec,FC-120,Gold,108,11.8,Yes,Closed
T10155,P3,Feb,HP-110,Standard,121,39.7,Yes,Closed
T10156,P3,Jul,SM-410,Standard,115,84.5,No,Closed
T10157,P2,Feb,HP-410,Standard,24,7.0,Yes,Closed
T10158,P3,Oct,VX-310,Standard,128,32.5,Yes,Closed
T10159,P3,May,HP-120,Gold,309,23.7,No,Closed
T10160,P3,Apr,FC-210,Standard,111,52.5,Yes,Closed
T10161,P4,Aug,SM-210,Platinum,273,62.1,Yes,Closed
T10162,P4,Oct,HP-310,Platinum,571,148.3,No,Closed
T10163,P3,Jul,TL-120,Standard,145,31.5,Yes,Closed
T10164,P3,Nov,SM-310,Platinum,67,27.4,Yes,Closed
T10165,P4,Dec,FC-310,Gold,355,37.6,Yes,Closed
T10166,P4,Aug,HP-210,Gold,424,37.2,Yes,Closed
T10167,P4,Nov,VX-310,Standard,290,30.5,Yes,Closed
T10168,P3,Apr,FC-110,Standard,319,15.0,No,Closed
T10169,P2,Oct,TL-410,Standard,25,6.5,Yes,Closed
T10170,P3,Jan,VX-310,Platinum,174,50.7,Yes,Closed
T10171,P2,Aug,VX-310,Gold,79,11.4,No,Closed
T10172,P3,Oct,SM-310,Platinum,46,12.4,Yes,Closed
T10173,P3,Sep,TL-220,Platinum,125,15.5,Yes,Closed
T10174,P4,Jan,VX-110,Gold,395,142.4,Yes,Closed
T10175,P2,Nov,VX-220,Standard,35,7.6,Yes,Closed
T10176,P3,Nov,SM-310,Gold,44,28.3,Yes,Closed
T10177,P3,Jan,HP-310,Gold,110,19.3,Yes,Closed
T10178,P4,Aug,VX-310,Gold,72,65.2,Yes,Closed
T10179,P2,Jan,HP-310,Standard,15,3.0,Yes,Closed
T10180,P2,Apr,TL-410,Standard,30,1.1,Yes,Closed
T10181,P2,Jul,VX-110,Gold,30,2.1,Yes,Closed
T10182,P3,Sep,FC-120,Platinum,208,57.9,Yes,Closed
T10183,P1,Jun,HP-120,Standard,10,2.7,Yes,Closed
T10184,P4,Jan,SM-120,Platinum,346,79.9,Yes,Closed
T10185,P3,Nov,VX-220,Standard,110,23.2,Yes,Closed
T10186,P3,Sep,HP-110,Standard,176,40.9,Yes,Closed
T10187,P4,Aug,VX-220,Gold,327,91.3,Yes,Closed
T10188,P2,Feb,TL-110,Platinum,14,7.3,Yes,Closed
T10189,P3,Nov,TL-120,Gold,60,13.1,Yes,Closed
T10190,P1,Apr,FC-220,Platinum,9,2.5,Yes,Closed
T10191,P3,Sep,TL-110,Standard,95,50.2,Yes,Closed
T10192,P2,Feb,TL-210,Platinum,17,4.6,Yes,Closed
T10193,P3,Aug,FC-410,Standard,133,28.3,Yes,Closed
T10194,P4,Sep,TL-210,Gold,626,44.5,No,Closed
T10195,P4,Dec,FC-210,Standard,312,71.6,Yes,Closed
T10196,P3,Sep,FC-310,Platinum,36,60.9,Yes,Closed
T10197,P4,Sep,SM-210,Standard,97,84.3,Yes,Closed
T10198,P4,Jan,TL-220,Standard,297,139.4,Yes,Closed
T10199,P3,May,FC-110,Standard,69,40.1,Yes,Closed
T10200,P2,Aug,TL-120,Gold,66,10.3,No,Closed
T10201,P3,Jul,VX-210,Platinum,64,33.5,Yes,Closed
T10202,P1,Oct,FC-410,Platinum,13,4.4,No,Closed
T10203,P3,Dec,TL-410,Gold,169,29.0,Yes,Closed
T10204,P3,Jun,HP-410,Standard,172,66.5,Yes,Closed
T10205,P3,May,FC-220,Platinum,337,18.3,No,Closed
T10206,P2,Nov,SM-110,Platinum,13,6.1,Yes,Closed
T10207,P3,Oct,VX-120,Platinum,41,42.1,Yes,Closed
T10208,P4,Jan,HP-310,Standard,387,137.2,Yes,Closed
T10209,P3,Sep,FC-210,Platinum,65,17.8,Yes,Closed
T10210,P3,Aug,SM-220,Standard,89,40.8,Yes,Closed
T10211,P3,Apr,SM-110,Standard,353,50.4,No,Closed
T10212,P4,Oct,SM-310,Gold,224,35.9,Yes,Closed
T10213,P3,Jul,TL-410,Standard,315,13.9,No,Closed
T10214,P2,Oct,FC-110,Standard,38,7.0,Yes,Closed
T10215,P3,Apr,SM-310,Gold,171,101.5,No,Closed
T10216,P2,Apr,VX-110,Standard,19,3.9,Yes,Closed
T10217,P2,Jul,TL-210,Gold,55,4.1,Yes,Closed
T10218,P3,Jun,VX-120,Platinum,82,62.6,Yes,Closed
T10219,P2,Jan,HP-120,Standard,44,2.5,Yes,Closed
T10220,P4,Oct,HP-120,Standard,283,130.5,Yes,Closed
T10221,P1,Mar,SM-410,Standard,9,1.2,Yes,Closed
T10222,P4,May,FC-210,Standard,639,67.7,No,Closed
T10223,P2,Oct,VX-220,Gold,83,5.8,No,Closed
T10224,P3,Mar,TL-220,Standard,404,11.7,No,Closed
T10225,P2,Apr,HP-310,Platinum,55,6.7,Yes,Closed
T10226,P3,Oct,FC-410,Gold,44,61.7,Yes,Closed
T10227,P4,Aug,VX-110,Platinum,145,111.2,Yes,Closed
T10228,P4,Jan,VX-210,Standard,243,121.0,Yes,Closed
T10229,P4,Oct,FC-110,Gold,78,71.8,Yes,Closed
T10230,P4,Oct,HP-310,Platinum,88,46.8,Yes,Closed
T10231,P4,Jul,SM-120,Standard,310,36.1,Yes,Closed
T10232,P1,Dec,HP-410,Gold,13,3.2,Yes,Closed
T10233,P2,Jul,SM-110,Platinum,65,4.7,No,Closed
T10234,P2,Aug,TL-120,Gold,12,6.9,Yes,Closed
T10235,P2,Apr,VX-220,Platinum,49,3.5,Yes,Closed
T10236,P3,Apr,SM-220,Platinum,200,13.9,Yes,Closed
T10237,P2,May,VX-310,Gold,22,1.4,Yes,Closed
T10238,P4,Jun,VX-120,Standard,414,59.0,Yes,Closed
T10239,P1,Dec,VX-120,Platinum,9,1.1,Yes,Closed
T10240,P4,Jul,FC-210,Gold,104,23.2,Yes,Closed
T10241,P3,Apr,SM-210,Platinum,110,25.5,Yes,Closed
T10242,P4,Jun,SM-410,Standard,385,66.4,Yes,Closed
T10243,P2,Jan,SM-220,Standard,17,5.1,Yes,Closed
T10244,P4,Jul,VX-310,Standard,318,66.6,Yes,Closed
T10245,P2,Dec,HP-410,Platinum,50,1.6,Yes,Closed
T10246,P4,Aug,TL-210,Standard,273,69.2,Yes,Closed
T10247,P3,Feb,HP-410,Gold,292,43.5,No,Closed
T10248,P4,Nov,HP-220,Standard,111,140.1,Yes,Closed
T10249,P2,Feb,VX-220,Gold,21,4.5,Yes,Closed
T10250,P2,Nov,HP-210,Gold,21,3.7,Yes,Closed
T10251,P4,Feb,SM-220,Standard,549,95.9,No,Closed
T10252,P2,Mar,HP-410,Standard,51,7.1,Yes,Closed
T10253,P2,Dec,SM-210,Standard,49,4.4,Yes,Closed
T10254,P3,May,TL-120,Platinum,58,34.4,Yes,Closed
T10255,P3,Nov,SM-310,Standard,114,41.0,Yes,Closed
T10256,P4,Jun,HP-310,Standard,708,101.5,No,Closed
T10257,P4,Oct,HP-120,Standard,432,119.2,Yes,Closed
T10258,P4,Jan,VX-310,Standard,408,80.1,Yes,Closed
T10259,P3,Jun,FC-110,Gold,393,26.6,No,Closed
T10260,P2,Jan,HP-410,Platinum,19,4.4,Yes,Closed
T10261,P2,May,FC-410,Standard,36,3.5,Yes,Closed
T10262,P1,Aug,TL-310,Standard,8,2.2,Yes,Closed
T10263,P3,Jul,FC-220,Platinum,221,64.8,Yes,Closed
T10264,P3,Aug,VX-220,Standard,58,21.5,Yes,Closed
T10265,P4,Dec,SM-220,Gold,138,124.0,Yes,Closed
T10266,P2,Feb,TL-220,Standard,21,1.5,Yes,Closed
T10267,P3,Aug,VX-410,Standard,289,60.5,No,Closed
T10268,P3,Jul,FC-310,Gold,188,39.2,Yes,Closed
T10269,P3,Nov,FC-310,Standard,99,23.6,Yes,Closed
T10270,P3,May,VX-310,Standard,70,41.9,Yes,Closed
T10271,P3,Dec,SM-410,Standard,167,25.2,Yes,Closed
T10272,P3,Mar,FC-110,Standard,217,103.0,No,Closed
T10273,P1,Oct,VX-220,Standard,16,3.3,No,Closed
T10274,P3,Jan,SM-410,Gold,268,43.7,No,Closed
T10275,P4,Feb,TL-120,Gold,394,95.1,Yes,Closed
T10276,P2,Jan,VX-210,Standard,65,5.5,No,Closed
T10277,P3,Apr,SM-410,Standard,197,19.7,Yes,Closed
T10278,P3,Jan,HP-310,Standard,79,13.0,Yes,Closed
T10279,P3,May,VX-210,Gold,371,16.1,No,Closed
T10280,P4,Aug,HP-410,Standard,315,124.4,Yes,Closed
T10281,P3,Jun,FC-210,Standard,164,91.4,No,Closed
T10282,P2,Dec,FC-210,Gold,50,8.6,No,Closed
T10283,P3,May,TL-310,Platinum,164,60.8,Yes,Closed
T10284,P3,May,SM-310,Standard,219,58.1,Yes,Closed
T10285,P3,Oct,FC-410,Standard,193,50.7,Yes,Closed
T10286,P4,Apr,TL-410,Standard,286,150.1,Yes,Closed
T10287,P4,Aug,HP-120,Standard,231,131.3,Yes,Closed
T10288,P4,Jun,FC-120,Platinum,323,30.0,Yes,Closed
T10289,P2,Sep,VX-120,Standard,10,1.3,Yes,Closed
T10290,P1,Jul,FC-110,Platinum,3,1.0,Yes,Closed
T10291,P1,Nov,VX-310,Standard,10,3.7,Yes,Closed
T10292,P2,Nov,FC-410,Platinum,49,5.4,Yes,Closed
T10293,P4,Jun,TL-120,Standard,335,124.9,Yes,Closed
T10294,P3,Feb,HP-410,Standard,86,59.7,Yes,Closed
T10295,P2,Feb,VX-210,Gold,57,5.5,Yes,Closed
T10296,P3,Aug,TL-220,Gold,50,44.2,Yes,Closed
T10297,P4,Apr,FC-410,Standard,427,56.9,Yes,Closed
T10298,P3,Nov,HP-120,Gold,184,34.9,Yes,Closed
T10299,P3,Feb,TL-220,Standard,181,67.1,Yes,Closed
T10300,P4,May,SM-210,Platinum,266,146.2,Yes,Closed
T10301,P3,Apr,TL-220,Standard,311,36.2,No,Closed
T10302,P4,Jul,SM-120,Gold,315,42.2,Yes,Closed
T10303,P2,May,VX-310,Standard,38,6.1,Yes,Closed
T10304,P2,Dec,FC-220,Standard,33,7.1,Yes,Closed
T10305,P3,May,TL-110,Standard,267,58.6,No,Closed
T10306,P2,Dec,TL-210,Gold,44,6.1,Yes,Closed
T10307,P4,Oct,FC-110,Standard,391,26.4,Yes,Closed
T10308,P3,Jan,HP-410,Platinum,204,64.1,Yes,Closed
T10309,P1,Jan,SM-120,Platinum,7,0.6,Yes,Closed
T10310,P1,Oct,VX-220,Platinum,11,2.1,Yes,Closed
T10311,P4,Sep,HP-310,Platinum,155,130.7,Yes,Closed
T10312,P1,Dec,HP-210,Gold,8,3.3,Yes,Closed
T10313,P2,Jun,HP-110,Standard,29,4.3,Yes,Closed
T10314,P3,Sep,VX-310,Standard,144,62.3,Yes,Closed
T10315,P3,Dec,FC-120,Platinum,124,67.5,Yes,Closed
T10316,P3,Jan,VX-210,Platinum,168,9.7,Yes,Closed
T10317,P2,Sep,SM-110,Gold,50,3.2,Yes,Closed
T10318,P2,Dec,HP-310,Standard,26,7.5,Yes,Closed
T10319,P1,Feb,FC-410,Standard,8,2.8,Yes,Closed
T10320,P1,Jan,SM-120,Gold,6,2.9,Yes,Closed
T10321,P3,Sep,FC-220,Platinum,94,21.3,Yes,Closed
T10322,P4,Nov,SM-120,Gold,94,146.4,Yes,Closed
T10323,P2,Apr,TL-120,Standard,52,1.9,Yes,Closed
T10324,P4,Jan,HP-110,Standard,228,89.3,Yes,Closed
T10325,P3,Apr,VX-220,Platinum,94,33.1,Yes,Closed
T10326,P1,Mar,SM-210,Standard,11,3.2,Yes,Closed
T10327,P3,Dec,FC-210,Standard,100,60.5,Yes,Closed
T10328,P2,Oct,TL-410,Gold,51,1.9,Yes,Closed
T10329,P2,Mar,VX-120,Standard,50,3.1,Yes,Closed
T10330,P2,Jan,VX-210,Standard,47,5.9,Yes,Closed
T10331,P3,Dec,TL-120,Standard,154,19.4,Yes,Closed
T10332,P3,Nov,FC-120,Standard,147,35.4,Yes,Closed
T10333,P3,Jul,SM-410,Gold,109,42.9,Yes,Closed
T10334,P3,Jun,FC-220,Platinum,155,17.7,Yes,Closed
T10335,P4,May,FC-210,Standard,223,139.5,Yes,Closed
T10336,P2,Aug,TL-220,Standard,55,1.7,Yes,Closed
T10337,P2,Feb,VX-210,Standard,40,7.2,Yes,Closed
T10338,P3,May,HP-210,Standard,94,38.4,Yes,Closed
T10339,P2,Jun,VX-110,Platinum,10,3.4,Yes,Closed
T10340,P3,Mar,HP-220,Standard,206,83.4,No,Closed
T10341,P2,Mar,TL-210,Standard,24,1.3,Yes,Closed
T10342,P3,Nov,SM-120,Gold,200,63.1,Yes,Closed
T10343,P3,Mar,SM-110,Gold,104,17.6,Yes,Closed
T10344,P2,Feb,FC-210,Standard,35,2.3,Yes,Closed
T10345,P3,Jun,TL-110,Platinum,53,51.4,Yes,Closed
T10346,P2,Nov,FC-110,Gold,42,4.3,Yes,Closed
T10347,P4,Nov,SM-310,Standard,328,145.8,Yes,Closed
T10348,P2,Apr,FC-120,Standard,40,1.4,Yes,Closed
T10349,P3,May,HP-120,Standard,172,49.3,Yes,Closed
T10350,P2,Sep,SM-210,Gold,33,7.0,Yes,Closed
T10351,P3,Jul,SM-410,Standard,146,28.3,Yes,Closed
T10352,P3,Oct,HP-410,Platinum,189,47.4,Yes,Closed
T10353,P4,Dec,SM-120,Standard,186,138.1,Yes,Closed
T10354,P2,Dec,VX-110,Standard,68,3.7,No,Closed
T10355,P3,Apr,SM-110,Standard,180,22.9,Yes,Closed
T10356,P4,Dec,HP-310,Standard,409,115.2,Yes,Closed
T10357,P4,Jul,HP-110,Standard,414,72.1,Yes,Closed
T10358,P3,May,FC-220,Platinum,47,22.2,Yes,Closed
T10359,P3,Feb,SM-310,Standard,132,12.4,Yes,Closed
T10360,P2,Dec,HP-110,Gold,74,2.9,No,Closed
T10361,P2,Apr,HP-210,Standard,31,1.5,Yes,Closed
T10362,P2,Jan,VX-210,Standard,13,7.3,Yes,Closed
T10363,P2,Oct,HP-410,Gold,26,4.0,Yes,Closed
T10364,P3,Oct,HP-210,Gold,66,23.8,Yes,Closed
T10365,P4,Nov,TL-220,Platinum,791,117.2,No,Closed
T10366,P3,Feb,FC-220,Gold,194,38.6,Yes,Closed
T10367,P3,Dec,TL-310,Gold,181,45.2,Yes,Closed
T10368,P2,Jul,TL-120,Platinum,54,5.8,Yes,Closed
T10369,P3,Mar,VX-220,Standard,86,23.7,Yes,Closed
T10370,P2,Jan,SM-410,Standard,48,6.4,Yes,Closed
T10371,P2,Mar,HP-410,Platinum,47,7.4,Yes,Closed
T10372,P4,Dec,HP-210,Standard,181,82.1,Yes,Closed
T10373,P4,Jan,FC-110,Platinum,153,54.6,Yes,Closed
T10374,P3,Aug,HP-210,Gold,351,52.0,No,Closed
T10375,P2,Jan,HP-410,Standard,14,2.6,Yes,Closed
T10376,P3,Sep,HP-410,Standard,184,50.3,Yes,Closed
T10377,P3,Aug,HP-210,Platinum,156,24.5,Yes,Closed
T10378,P3,Oct,HP-210,Gold,127,34.3,Yes,Closed
T10379,P3,Dec,SM-120,Gold,73,58.2,Yes,Closed
T10380,P1,Oct,FC-310,Platinum,10,3.7,Yes,Closed
T10381,P3,May,FC-220,Platinum,137,111.8,No,Closed
T10382,P3,Nov,VX-310,Standard,224,32.3,Yes,Closed
T10383,P2,Apr,TL-310,Platinum,30,3.7,Yes,Closed
T10384,P3,Apr,VX-410,Standard,149,18.6,Yes,Closed
T10385,P2,Oct,HP-120,Standard,21,5.8,Yes,Closed
T10386,P3,May,VX-310,Standard,128,61.8,Yes,Closed
T10387,P2,Aug,VX-220,Standard,40,5.3,Yes,Closed
T10388,P4,Apr,FC-410,Standard,388,112.2,Yes,Closed
T10389,P3,Aug,FC-120,Standard,188,25.8,Yes,Closed
T10390,P1,Apr,HP-110,Standard,7,3.7,Yes,Closed
T10391,P3,Feb,TL-220,Standard,220,40.1,Yes,Closed
T10392,P2,Sep,HP-210,Platinum,52,10.0,No,Closed
T10393,P3,Jul,FC-120,Standard,80,62.2,Yes,Closed
T10394,P3,Mar,HP-120,Standard,133,56.9,Yes,Closed
T10395,P3,Sep,FC-220,Standard,96,61.1,Yes,Closed
T10396,P4,Nov,SM-220,Gold,290,158.2,Yes,Closed
T10397,P4,Jun,SM-410,Gold,664,154.8,No,Closed
T10398,P3,Oct,HP-210,Gold,256,45.3,No,Closed
T10399,P3,Mar,FC-410,Standard,129,48.0,Yes,Closed
T10400,P1,Mar,TL-110,Platinum,7,0.9,Yes,Closed
T10401,P2,Feb,SM-310,Gold,20,11.8,No,Closed
T10402,P3,Dec,VX-310,Standard,172,64.1,Yes,Closed
T10403,P4,Mar,HP-310,Platinum,839,75.6,No,Closed
T10404,P2,Jan,VX-120,Standard,55,2.2,Yes,Closed
T10405,P3,Nov,TL-410,Platinum,91,29.1,Yes,Closed
T10406,P1,Aug,SM-110,Platinum,2,3.1,Yes,Closed
T10407,P2,Apr,SM-310,Standard,67,1.5,No,Closed
T10408,P2,May,HP-410,Gold,26,3.2,Yes,Closed
T10409,P2,Apr,FC-110,Standard,21,6.1,Yes,Closed
T10410,P3,Dec,SM-110,Standard,60,30.1,Yes,Closed
T10411,P4,Feb,HP-220,Platinum,146,148.0,Yes,Closed
T10412,P1,Nov,FC-410,Gold,11,0.6,Yes,Closed
T10413,P3,Dec,TL-110,Gold,146,40.2,Yes,Closed
T10414,P3,Feb,SM-210,Gold,358,59.5,No,Closed
T10415,P4,Nov,TL-310,Platinum,222,28.6,Yes,Closed
T10416,P4,Jan,FC-310,Standard,340,133.9,Yes,Closed
T10417,P4,Apr,HP-410,Gold,276,51.1,Yes,Closed
T10418,P4,Sep,HP-410,Standard,162,71.7,Yes,Closed
T10419,P2,Jan,FC-110,Standard,33,2.0,Yes,Closed
T10420,P2,Oct,HP-120,Gold,28,6.8,Yes,Closed
T10421,P2,Jul,VX-220,Gold,69,5.7,No,Closed
T10422,P2,Jun,HP-110,Standard,9,5.4,Yes,Closed
T10423,P3,Nov,VX-310,Platinum,194,59.8,Yes,Closed
T10424,P3,Jul,HP-120,Gold,163,29.3,Yes,Closed
T10425,P2,Aug,SM-110,Gold,74,2.5,No,Closed
T10426,P3,Jun,TL-120,Standard,113,35.9,Yes,Closed
T10427,P3,Jun,SM-120,Standard,42,19.6,Yes,Closed
T10428,P3,Feb,TL-210,Standard,89,37.3,Yes,Closed
T10429,P3,Dec,VX-110,Gold,224,13.9,Yes,Closed
T10430,P2,Feb,VX-220,Gold,20,7.0,Yes,Closed
T10431,P3,Jan,FC-310,Gold,157,22.6,Yes,Closed
T10432,P4,May,FC-210,Gold,350,140.6,Yes,Closed
T10433,P3,Feb,HP-110,Platinum,44,18.6,Yes,Closed
T10434,P4,Mar,HP-120,Standard,437,39.2,Yes,Closed
T10435,P3,Apr,VX-110,Standard,338,51.8,No,Closed
T10436,P2,Aug,FC-210,Standard,25,4.6,Yes,Closed
T10437,P1,Mar,TL-110,Gold,12,2.6,Yes,Closed
T10438,P3,Aug,HP-220,Standard,48,37.6,Yes,Closed
T10439,P3,Feb,HP-120,Standard,129,65.2,Yes,Closed
T10440,P4,Jul,VX-120,Standard,439,60.7,Yes,Closed
T10441,P3,May,TL-220,Gold,90,90.4,No,Closed
T10442,P2,Jul,FC-110,Standard,31,4.3,Yes,Closed
T10443,P4,Sep,VX-210,Standard,100,121.1,Yes,Closed
T10444,P3,Sep,FC-110,Platinum,213,30.9,Yes,Closed
T10445,P2,Nov,TL-410,Gold,30,4.7,Yes,Closed
T10446,P2,Jul,VX-220,Gold,55,3.8,Yes,Closed
T10447,P2,Oct,VX-110,Standard,21,4.8,Yes,Closed
T10448,P3,Jul,HP-410,Gold,301,24.5,No,Closed
T10449,P3,Jun,TL-310,Standard,168,19.6,Yes,Closed
T10450,P4,Apr,FC-410,Platinum,207,49.0,Yes,Closed
T10451,P3,Aug,FC-310,Gold,166,19.4,Yes,Closed
T10452,P4,Mar,VX-410,Gold,212,151.3,Yes,Closed
T10453,P2,Oct,VX-310,Gold,30,1.3,Yes,Closed
T10454,P3,May,VX-210,Gold,172,50.5,Yes,Closed
T10455,P3,Aug,HP-110,Gold,296,55.7,No,Closed
T10456,P2,Nov,FC-310,Platinum,33,7.6,Yes,Closed
T10457,P2,Jun,HP-110,Standard,42,4.7,Yes,Closed
T10458,P1,Dec,SM-410,Gold,5,0.6,Yes,Closed
T10459,P4,Oct,TL-410,Platinum,88,107.8,Yes,Closed
T10460,P4,Jul,FC-220,Gold,246,44.8,Yes,Closed
T10461,P3,Aug,FC-410,Standard,286,58.9,No,Closed
T10462,P2,Sep,FC-410,Standard,56,6.9,Yes,Closed
T10463,P2,May,FC-310,Standard,24,2.0,Yes,Closed
T10464,P3,Sep,HP-310,Gold,56,27.7,Yes,Closed
T10465,P2,Jul,FC-310,Gold,39,1.6,Yes,Closed
T10466,P1,Sep,VX-210,Platinum,8,3.8,Yes,Closed
T10467,P3,Feb,SM-310,Standard,282,60.1,No,Closed
T10468,P2,Mar,HP-310,Gold,31,4.4,Yes,Closed
T10469,P4,Nov,VX-410,Standard,817,73.0,No,Closed
T10470,P4,Mar,HP-220,Platinum,507,86.6,No,Closed
T10471,P2,Dec,HP-310,Standard,80,5.8,No,Closed
T10472,P3,Feb,FC-410,Standard,90,18.1,Yes,Closed
T10473,P3,Jun,TL-110,Standard,217,50.3,Yes,Closed
T10474,P3,Apr,HP-110,Gold,89,18.8,Yes,Closed
T10475,P3,Feb,HP-220,Platinum,194,53.4,Yes,Closed
T10476,P3,Sep,VX-120,Standard,47,50.5,Yes,Closed
T10477,P3,Dec,HP-110,Gold,40,34.4,Yes,Closed
T10478,P3,Oct,FC-310,Standard,321,56.8,No,Closed
T10479,P1,Mar,FC-410,Platinum,6,2.5,Yes,Closed
T10480,P3,Nov,VX-110,Standard,68,53.1,Yes,Closed
T10481,P3,Jun,TL-110,Gold,194,15.1,Yes,Closed
T10482,P3,Aug,VX-120,Platinum,87,32.7,Yes,Closed
T10483,P2,Jul,HP-310,Standard,37,2.6,Yes,Closed
T10484,P2,Feb,HP-410,Platinum,49,3.6,Yes,Closed
T10485,P4,Mar,HP-110,Platinum,220,148.1,Yes,Closed
T10486,P4,Apr,SM-210,Gold,447,45.1,Yes,Closed
T10487,P4,Aug,TL-120,Standard,396,131.3,Yes,Closed
T10488,P3,Jun,VX-120,Platinum,301,58.7,No,Closed
T10489,P2,Oct,FC-220,Gold,55,2.2,Yes,Closed
T10490,P3,Dec,SM-410,Standard,49,24.5,Yes,Closed
T10491,P3,Apr,TL-120,Standard,215,29.5,Yes,Closed
T10492,P3,Jan,VX-210,Standard,66,80.1,No,Closed
T10493,P4,Mar,TL-210,Standard,440,137.3,Yes,Closed
T10494,P3,Mar,FC-410,Platinum,207,96.4,No,Closed
T10495,P2,May,VX-120,Platinum,57,2.3,Yes,Closed
T10496,P2,Nov,FC-210,Standard,22,1.8,Yes,Closed
T10497,P4,Jan,HP-210,Standard,151,81.1,Yes,Closed
T10498,P4,Jul,TL-220,Gold,192,92.4,Yes,Closed
T10499,P2,Mar,TL-110,Standard,54,1.8,Yes,Closed
T10500,P3,Jan,HP-210,Platinum,91,18.9,Yes,Closed
T10501,P3,Mar,TL-210,Standard,63,19.9,Yes,Closed
T10502,P4,Nov,HP-210,Platinum,835,139.9,No,Closed
T10503,P3,Apr,HP-310,Gold,40,67.3,Yes,Closed
T10504,P2,Mar,SM-410,Platinum,22,3.3,Yes,Closed
T10505,P1,Apr,FC-410,Standard,7,1.6,Yes,Closed
T10506,P2,Nov,SM-410,Standard,39,5.0,Yes,Closed
T10507,P3,Oct,VX-110,Gold,75,19.9,Yes,Closed
T10508,P1,Dec,FC-220,Standard,12,4.8,No,Closed
T10509,P4,Dec,VX-410,Standard,383,60.7,Yes,Closed
T10510,P2,Aug,FC-410,Gold,45,3.1,Yes,Closed
T10511,P4,Mar,TL-310,Standard,308,133.6,Yes,Closed
T10512,P3,Feb,FC-310,Standard,140,55.7,Yes,Closed
T10513,P3,Jul,SM-410,Standard,50,23.2,Yes,Closed
T10514,P2,Feb,HP-120,Platinum,41,2.2,Yes,Closed
T10515,P4,Dec,FC-220,Gold,210,124.5,Yes,Closed
T10516,P2,Dec,HP-210,Standard,21,5.9,Yes,Closed
T10517,P3,Jun,TL-310,Standard,91,66.0,Yes,Closed
T10518,P3,Jun,FC-410,Platinum,70,52.0,Yes,Closed
T10519,P3,Sep,SM-210,Platinum,184,48.2,Yes,Closed
T10520,P3,Apr,HP-220,Platinum,78,12.7,Yes,Closed
T10521,P2,Aug,FC-210,Standard,27,4.9,Yes,Closed
T10522,P3,Aug,VX-310,Standard,165,33.9,Yes,Closed
T10523,P2,Dec,HP-110,Standard,36,4.9,Yes,Closed
T10524,P3,Jan,TL-310,Gold,116,22.4,Yes,Closed
T10525,P4,Sep,VX-310,Gold,429,61.6,Yes,Closed
T10526,P3,Mar,VX-220,Standard,117,40.6,Yes,Closed
T10527,P2,Sep,SM-120,Platinum,94,3.6,No,Closed
T10528,P3,Nov,HP-410,Standard,163,17.1,Yes,Closed
T10529,P4,May,VX-110,Standard,248,19.8,Yes,Closed
T10530,P4,Jan,TL-120,Standard,323,58.0,Yes,Closed
T10531,P4,Feb,SM-210,Gold,232,143.4,Yes,Closed
T10532,P3,May,HP-220,Gold,124,63.9,Yes,Closed
T10533,P3,Sep,SM-220,Gold,223,24.2,Yes,Closed
T10534,P3,Aug,HP-410,Standard,45,46.8,Yes,Closed
T10535,P4,Feb,SM-220,Standard,452,117.6,Yes,Closed
T10536,P2,Dec,VX-310,Standard,36,2.7,Yes,Closed
T10537,P4,Sep,HP-410,Standard,624,240.7,No,Closed
T10538,P3,Jun,TL-110,Platinum,159,25.9,Yes,Closed
T10539,P1,Apr,FC-210,Gold,6,3.4,Yes,Closed
T10540,P3,Nov,SM-210,Gold,194,50.3,Yes,Closed
T10541,P2,Feb,VX-120,Standard,54,7.5,Yes,Closed
T10542,P3,Apr,FC-120,Standard,108,23.9,Yes,Closed
T10543,P1,Aug,FC-210,Standard,11,1.4,Yes,Closed
T10544,P1,Oct,VX-210,Standard,4,1.6,Yes,Closed
T10545,P2,Nov,HP-210,Standard,28,1.2,Yes,Closed
T10546,P3,Aug,HP-210,Standard,52,57.4,Yes,Closed
T10547,P3,Jun,TL-220,Standard,192,10.9,Yes,Closed
T10548,P3,Sep,HP-110,Standard,85,21.4,Yes,Closed
T10549,P3,Oct,SM-120,Gold,366,33.7,No,Closed
T10550,P2,May,SM-310,Standard,48,6.6,Yes,Closed
T10551,P2,Aug,VX-410,Platinum,49,5.4,Yes,Closed
T10552,P4,Sep,VX-310,Standard,189,40.4,Yes,Closed
T10553,P3,Jan,TL-120,Platinum,413,35.7,No,Closed
T10554,P3,Sep,FC-110,Standard,93,67.6,Yes,Closed
T10555,P4,May,HP-120,Standard,813,89.7,No,Closed
T10556,P4,Jul,TL-120,Standard,401,91.2,Yes,Closed
T10557,P2,Oct,TL-210,Gold,30,6.9,Yes,Closed
T10558,P3,Sep,SM-220,Standard,191,27.5,Yes,Closed
T10559,P1,Aug,TL-310,Gold,12,2.3,Yes,Closed
T10560,P2,Oct,HP-210,Platinum,33,1.0,Yes,Closed
T10561,P2,Oct,HP-120,Standard,46,5.0,Yes,Closed
T10562,P2,Feb,TL-310,Gold,16,4.4,Yes,Closed
T10563,P3,Jul,SM-210,Standard,225,51.3,Yes,Closed
T10564,P3,Aug,HP-310,Gold,82,29.5,Yes,Closed
T10565,P2,Mar,HP-210,Standard,14,1.8,Yes,Closed
T10566,P2,Oct,VX-210,Platinum,26,6.6,Yes,Closed
T10567,P2,Sep,FC-120,Gold,54,5.1,Yes,Closed
T10568,P4,May,SM-310,Standard,106,229.4,No,Closed
T10569,P4,Oct,HP-110,Gold,647,76.9,No,Closed
T10570,P4,Apr,FC-120,Standard,270,152.2,Yes,Closed
T10571,P1,Mar,VX-120,Standard,7,2.5,Yes,Closed
T10572,P3,Apr,VX-110,Standard,217,61.2,Yes,Closed
T10573,P2,Nov,HP-120,Standard,53,7.5,Yes,Closed
T10574,P3,Jun,TL-210,Gold,311,68.1,No,Closed
T10575,P2,Oct,VX-120,Platinum,32,5.4,Yes,Closed
T10576,P4,Jun,HP-120,Standard,276,89.2,Yes,Closed
T10577,P3,Feb,FC-120,Standard,81,30.9,Yes,Closed
T10578,P2,Jul,TL-110,Standard,20,3.8,Yes,Closed
T10579,P2,Jun,VX-210,Gold,50,2.6,Yes,Closed
T10580,P4,Jul,TL-410,Standard,151,140.8,Yes,Closed
T10581,P4,Aug,FC-310,Gold,670,91.4,No,Closed
T10582,P2,Feb,SM-110,Standard,86,1.5,No,Closed
T10583,P3,Feb,TL-110,Gold,185,57.6,Yes,Closed
T10584,P4,Aug,HP-110,Platinum,296,70.7,Yes,Closed
T10585,P2,Feb,TL-220,Gold,10,4.4,Yes,Closed
T10586,P3,Jan,SM-410,Standard,208,52.0,Yes,Closed
T10587,P4,Dec,TL-410,Standard,624,120.5,No,Closed
T10588,P3,Jun,FC-210,Standard,182,102.5,No,Closed
T10589,P2,Jan,HP-310,Platinum,50,5.3,Yes,Closed
T10590,P2,Jan,SM-220,Gold,103,7.0,No,Closed
T10591,P4,Jun,VX-410,Standard,288,87.9,Yes,Closed
T10592,P3,Apr,FC-110,Gold,66,29.6,Yes,Closed
T10593,P2,Oct,VX-210,Platinum,23,1.0,Yes,Closed
T10594,P2,Dec,HP-220,Gold,98,11.9,No,Closed
T10595,P2,Feb,VX-110,Standard,19,7.1,Yes,Closed
T10596,P4,Apr,VX-120,Standard,147,157.6,Yes,Closed
T10597,P2,Mar,SM-220,Standard,20,1.1,Yes,Closed
T10598,P4,Jul,TL-110,Standard,444,120.5,Yes,Closed
T10599,P2,Nov,VX-210,Platinum,53,2.6,Yes,Closed
T10600,P2,Apr,HP-410,Gold,33,1.7,Yes,Closed
T10601,P3,Mar,SM-410,Standard,151,28.2,Yes,Closed
T10602,P2,Dec,HP-310,Standard,104,2.1,No,Closed
T10603,P4,Oct,FC-110,Gold,229,65.8,Yes,Closed
T10604,P3,Jan,VX-120,Standard,157,45.7,Yes,Closed
T10605,P3,Apr,FC-110,Standard,213,32.1,Yes,Closed
T10606,P3,Jan,HP-210,Standard,221,20.0,Yes,Closed
T10607,P3,Aug,VX-210,Gold,159,85.2,No,Closed
T10608,P3,Mar,FC-110,Standard,67,61.6,Yes,Closed
T10609,P4,Dec,FC-110,Platinum,351,82.5,Yes,Closed
T10610,P1,Aug,SM-220,Gold,3,1.2,Yes,Closed
T10611,P1,Sep,SM-120,Standard,6,6.0,No,Closed
T10612,P3,Sep,TL-210,Gold,148,12.4,Yes,Closed
T10613,P4,Mar,TL-310,Standard,579,18.6,No,Closed
T10614,P3,Feb,FC-310,Platinum,57,9.6,Yes,Closed
T10615,P1,Sep,HP-210,Platinum,4,1.8,Yes,Closed
T10616,P3,Oct,VX-210,Platinum,226,38.4,Yes,Closed
T10617,P1,Mar,TL-220,Gold,14,3.6,Yes,Closed
T10618,P3,Jun,FC-120,Standard,354,30.4,No,Closed
T10619,P2,Aug,TL-220,Platinum,55,4.9,Yes,Closed
T10620,P2,Nov,HP-410,Standard,26,3.4,Yes,Closed
T10621,P3,Oct,TL-410,Standard,384,40.9,No,Closed
T10622,P3,Nov,TL-110,Gold,297,22.5,No,Closed
T10623,P3,Sep,FC-210,Platinum,169,113.9,No,Closed
T10624,P4,Jul,TL-310,Gold,123,113.0,Yes,Closed
T10625,P3,Oct,HP-120,Standard,117,29.3,Yes,Closed
T10626,P3,Feb,HP-210,Gold,221,23.9,Yes,Closed
T10627,P4,Feb,SM-120,Platinum,179,49.5,Yes,Closed
T10628,P4,Dec,TL-310,Standard,447,78.3,Yes,Closed
T10629,P3,Jan,TL-310,Gold,150,64.0,Yes,Closed
T10630,P3,Sep,VX-410,Gold,202,31.0,Yes,Closed
T10631,P2,Mar,SM-310,Gold,43,5.0,Yes,Closed
T10632,P2,Jan,SM-210,Gold,25,5.4,Yes,Closed
T10633,P3,Apr,TL-220,Gold,75,26.6,Yes,Closed
T10634,P3,Jul,VX-120,Gold,77,49.1,Yes,Closed
T10635,P3,Mar,TL-410,Standard,179,51.3,Yes,Closed
T10636,P3,May,FC-220,Gold,58,20.8,Yes,Closed
T10637,P3,Dec,SM-310,Gold,193,53.0,Yes,Closed
T10638,P3,Jul,VX-110,Platinum,146,8.3,Yes,Closed
T10639,P3,May,SM-210,Platinum,178,43.4,Yes,Closed
T10640,P3,Dec,FC-220,Platinum,97,18.3,Yes,Closed
T10641,P2,Sep,HP-310,Gold,36,10.8,No,Closed
T10642,P4,Mar,FC-120,Standard,327,43.4,Yes,Closed
T10643,P2,Jul,FC-210,Gold,54,5.3,Yes,Closed
T10644,P1,Sep,SM-310,Standard,12,1.2,Yes,Closed
T10645,P2,Nov,HP-120,Standard,42,5.2,Yes,Closed
T10646,P3,Oct,HP-210,Standard,170,34.1,Yes,Closed
T10647,P3,Oct,VX-210,Gold,209,41.0,Yes,Closed
T10648,P3,May,TL-310,Platinum,75,46.2,Yes,Closed
T10649,P3,May,SM-410,Platinum,146,81.1,No,Closed
T10650,P3,Sep,VX-220,Gold,215,45.4,Yes,Closed
T10651,P3,May,SM-410,Platinum,214,18.5,Yes,Closed
T10652,P1,Feb,SM-120,Platinum,5,2.0,Yes,Closed
T10653,P4,Mar,FC-110,Platinum,216,44.3,Yes,Closed
T10654,P3,Dec,HP-210,Standard,188,58.8,Yes,Closed
T10655,P3,Oct,FC-110,Platinum,282,8.2,No,Closed
T10656,P2,Feb,VX-210,Standard,38,1.2,Yes,Closed
T10657,P3,Oct,SM-410,Gold,91,39.9,Yes,Closed
T10658,P3,Jun,TL-120,Platinum,220,36.7,Yes,Closed
T10659,P4,Nov,HP-110,Gold,303,99.4,Yes,Closed
T10660,P2,Oct,HP-410,Standard,24,4.0,Yes,Closed
T10661,P2,Sep,FC-310,Gold,43,3.3,Yes,Closed
T10662,P2,Oct,HP-310,Standard,77,7.2,No,Closed
T10663,P4,Sep,TL-120,Platinum,301,114.4,Yes,Closed
T10664,P3,Mar,FC-110,Standard,281,8.4,No,Closed
T10665,P3,Nov,HP-410,Platinum,98,22.9,Yes,Closed
T10666,P4,Jun,FC-310,Standard,270,42.0,Yes,Closed
T10667,P3,Dec,TL-410,Standard,195,21.4,Yes,Closed
T10668,P4,Nov,VX-210,Platinum,700,35.2,No,Closed
T10669,P3,Sep,SM-410,Gold,226,26.4,Yes,Closed
T10670,P4,Jan,FC-110,Standard,122,25.2,Yes,Closed
T10671,P3,Aug,SM-310,Gold,152,40.1,Yes,Closed
T10672,P1,Dec,TL-220,Standard,4,2.9,Yes,Closed
T10673,P3,Nov,HP-410,Gold,49,55.1,Yes,Closed
T10674,P2,Dec,HP-210,Platinum,37,0.9,Yes,Closed
T10675,P4,Dec,FC-310,Standard,615,61.4,No,Closed
T10676,P3,Apr,FC-410,Gold,141,62.9,Yes,Closed
T10677,P2,Feb,HP-120,Gold,49,3.8,Yes,Closed
T10678,P2,Oct,FC-410,Standard,19,5.5,Yes,Closed
T10679,P3,Mar,FC-110,Gold,147,62.7,Yes,Closed
T10680,P4,Feb,TL-210,Standard,234,29.9,Yes,Closed
T10681,P4,May,VX-310,Standard,99,20.1,Yes,Closed
T10682,P3,May,TL-110,Standard,227,42.2,Yes,Closed
T10683,P3,Jun,HP-110,Gold,88,33.7,Yes,Closed
T10684,P3,Dec,FC-220,Gold,199,63.1,Yes,Closed
T10685,P1,Aug,VX-410,Gold,14,0.9,Yes,Closed
T10686,P3,Jul,VX-110,Platinum,168,61.7,Yes,Closed
T10687,P4,Apr,SM-220,Standard,350,117.0,Yes,Closed
T10688,P3,Jun,HP-410,Gold,131,22.0,Yes,Closed
T10689,P3,Aug,VX-210,Standard,284,33.0,No,Closed
T10690,P3,Feb,SM-210,Standard,44,76.5,No,Closed
T10691,P1,Nov,FC-220,Standard,7,1.7,Yes,Closed
T10692,P2,Apr,VX-110,Standard,84,7.0,No,Closed
T10693,P3,Dec,SM-410,Gold,356,35.6,No,Closed
T10694,P3,Jun,VX-310,Standard,165,27.1,Yes,Closed
T10695,P4,Oct,SM-220,Gold,262,93.0,Yes,Closed
T10696,P2,Sep,FC-310,Platinum,50,2.8,Yes,Closed
T10697,P4,Apr,HP-120,Standard,163,98.0,Yes,Closed
T10698,P3,Nov,HP-220,Standard,96,82.9,No,Closed
T10699,P4,May,HP-210,Standard,103,72.4,Yes,Closed
T10700,P3,Jun,SM-410,Platinum,394,41.6,No,Closed
T10701,P1,Sep,FC-220,Platinum,13,4.6,No,Closed
T10702,P3,Oct,SM-410,Standard,213,49.1,Yes,Closed
T10703,P2,Sep,HP-410,Gold,44,6.1,Yes,Closed
T10704,P4,Oct,SM-120,Standard,272,101.8,Yes,Closed
T10705,P4,Sep,SM-310,Standard,253,64.0,Yes,Closed
T10706,P2,Feb,HP-410,Platinum,50,4.5,Yes,Closed
T10707,P3,Jun,TL-120,Platinum,227,52.8,Yes,Closed
T10708,P4,Jul,TL-310,Standard,212,62.7,Yes,Closed
T10709,P3,Jan,HP-210,Gold,57,12.0,Yes,Closed
T10710,P3,Jun,HP-310,Standard,258,44.0,No,Closed
T10711,P4,Jan,TL-410,Standard,449,65.6,Yes,Closed
T10712,P3,Nov,TL-220,Gold,118,31.4,Yes,Closed
T10713,P3,Oct,TL-210,Standard,50,32.9,Yes,Closed
T10714,P4,Apr,FC-210,Platinum,119,135.7,Yes,Closed
T10715,P2,Jul,SM-110,Standard,15,7.6,Yes,Closed
T10716,P3,Nov,FC-210,Gold,82,49.5,Yes,Closed
T10717,P3,Aug,SM-310,Standard,201,18.5,Yes,Closed
T10718,P3,Feb,SM-110,Standard,76,29.4,Yes,Closed
T10719,P4,Apr,FC-110,Standard,253,57.5,Yes,Closed
T10720,P1,Jul,HP-220,Standard,24,0.6,No,Closed
T10721,P3,Jun,FC-410,Platinum,142,48.0,Yes,Closed
T10722,P2,Apr,FC-210,Gold,78,2.8,No,Closed
T10723,P4,Dec,VX-210,Platinum,812,17.0,No,Closed
T10724,P1,Jul,SM-310,Standard,6,3.2,Yes,Closed
T10725,P2,Aug,FC-210,Standard,22,2.3,Yes,Closed
T10726,P4,Dec,HP-120,Gold,122,229.1,No,Closed
T10727,P3,Feb,VX-410,Standard,429,26.7,No,Closed
T10728,P4,Oct,FC-120,Standard,127,42.4,Yes,Closed
T10729,P3,Aug,VX-220,Standard,36,57.0,Yes,Closed
T10730,P3,Aug,SM-220,Standard,200,112.0,No,Closed
T10731,P3,Jul,SM-220,Standard,354,51.7,No,Closed
T10732,P2,May,TL-110,Platinum,51,6.5,Yes,Closed
T10733,P4,Oct,TL-120,Platinum,289,44.8,Yes,Closed
T10734,P4,Apr,HP-220,Platinum,300,87.2,Yes,Closed
T10735,P2,May,FC-110,Gold,41,2.4,Yes,Closed
T10736,P1,Feb,FC-120,Standard,22,1.4,No,Closed
T10737,P3,Aug,FC-110,Gold,80,64.6,Yes,Closed
T10738,P1,Oct,SM-410,Platinum,12,0.5,Yes,Closed
T10739,P3,Apr,TL-220,Standard,134,31.3,Yes,Closed
T10740,P3,Jan,HP-110,Gold,87,48.9,Yes,Closed
T10741,P2,Jul,HP-110,Standard,15,7.3,Yes,Closed
T10742,P4,Aug,VX-310,Standard,144,62.2,Yes,Closed
T10743,P3,Nov,VX-220,Standard,222,32.5,Yes,Closed
T10744,P3,Aug,SM-310,Standard,39,44.0,Yes,Closed
T10745,P2,Apr,HP-220,Gold,25,5.8,Yes,Closed
T10746,P2,Jun,FC-110,Standard,48,3.3,Yes,Closed
T10747,P3,Apr,SM-120,Gold,336,38.9,No,Closed
T10748,P2,May,SM-220,Standard,36,1.7,Yes,Closed
T10749,P3,Jul,FC-410,Gold,53,32.7,Yes,Closed
T10750,P3,Nov,FC-220,Platinum,217,27.5,Yes,Closed
T10751,P4,May,VX-220,Gold,525,32.0,No,Closed
T10752,P2,Feb,FC-310,Standard,15,1.5,Yes,Closed
T10753,P2,Nov,SM-110,Platinum,17,3.3,Yes,Closed
T10754,P4,Oct,FC-110,Standard,158,90.7,Yes,Closed
T10755,P3,Aug,FC-410,Platinum,54,13.3,Yes,Closed
T10756,P3,Jun,VX-310,Standard,192,19.2,Yes,Closed
T10757,P2,Dec,SM-220,Standard,79,2.4,No,Closed
T10758,P4,Apr,SM-210,Gold,365,159.1,Yes,Closed
T10759,P2,Jun,TL-310,Platinum,33,2.0,Yes,Closed
T10760,P4,Sep,TL-310,Standard,452,136.7,Yes,Closed
T10761,P2,May,TL-210,Gold,41,3.8,Yes,Closed
T10762,P3,May,HP-120,Standard,92,9.1,Yes,Closed
T10763,P3,Nov,HP-210,Platinum,118,64.4,Yes,Closed
T10764,P3,May,TL-110,Standard,79,26.0,Yes,Closed
T10765,P3,Feb,SM-410,Platinum,103,47.1,Yes,Closed
T10766,P2,Jul,FC-410,Platinum,25,1.4,Yes,Closed
T10767,P3,Aug,VX-210,Standard,118,14.3,Yes,Closed
T10768,P3,Sep,TL-310,Platinum,195,48.2,Yes,Closed
T10769,P4,Jun,VX-210,Gold,365,26.0,Yes,Closed
T10770,P4,Mar,HP-410,Standard,807,21.8,No,Closed
T10771,P2,Jun,FC-110,Standard,43,2.5,Yes,Closed
T10772,P3,Aug,TL-110,Gold,203,39.6,Yes,Closed
T10773,P4,May,VX-210,Platinum,172,91.2,Yes,Closed
T10774,P2,Jul,VX-220,Platinum,43,3.0,Yes,Closed
T10775,P2,Apr,TL-310,Standard,39,7.5,Yes,Closed
T10776,P4,Oct,VX-220,Gold,276,19.9,Yes,Closed
T10777,P3,Nov,TL-410,Standard,66,40.8,Yes,Closed
T10778,P3,Sep,FC-310,Standard,90,59.5,Yes,Closed
T10779,P4,Apr,HP-220,Standard,240,149.9,Yes,Closed
T10780,P2,Aug,SM-310,Gold,53,4.8,Yes,Closed
T10781,P3,Sep,FC-310,Platinum,62,64.0,Yes,Closed
T10782,P3,Mar,HP-410,Standard,116,11.9,Yes,Closed
T10783,P2,Jan,HP-210,Standard,9,5.0,Yes,Closed
T10784,P4,Jan,HP-310,Standard,102,127.9,Yes,Closed
T10785,P3,Jul,HP-210,Platinum,118,32.7,Yes,Closed
T10786,P4,Apr,HP-310,Platinum,93,81.8,Yes,Closed
T10787,P1,Oct,FC-410,Platinum,7,0.7,Yes,Closed
T10788,P2,May,VX-310,Standard,36,5.6,Yes,Closed
T10789,P3,May,HP-220,Standard,51,25.4,Yes,Closed
T10790,P4,Sep,VX-220,Standard,293,41.2,Yes,Closed
T10791,P3,Jul,HP-220,Standard,144,20.6,Yes,Closed
T10792,P3,Jun,HP-310,Gold,219,54.7,Yes,Closed
T10793,P1,Jun,HP-310,Standard,6,1.7,Yes,Closed
T10794,P2,Aug,SM-110,Gold,30,6.9,Yes,Closed
T10795,P1,Sep,HP-210,Standard,11,2.6,Yes,Closed
T10796,P2,Aug,VX-310,Platinum,14,3.5,Yes,Closed
T10797,P3,Sep,SM-210,Platinum,427,65.6,No,Closed
T10798,P3,Dec,HP-120,Standard,167,57.9,Yes,Closed
T10799,P3,Sep,HP-410,Standard,56,41.4,Yes,Closed
T10800,P4,Jan,TL-210,Standard,95,18.3,Yes,Closed
T10801,P3,May,FC-210,Standard,62,23.5,Yes,Closed
T10802,P2,Aug,VX-310,Standard,34,11.7,No,Closed
T10803,P4,Jun,HP-220,Standard,377,66.6,Yes,Closed
T10804,P3,Sep,HP-310,Standard,200,8.0,Yes,Closed
T10805,P2,Jan,SM-310,Standard,19,2.9,Yes,Closed
T10806,P3,Jan,VX-120,Gold,82,33.7,Yes,Closed
T10807,P1,Aug,VX-120,Standard,10,2.7,Yes,Closed
T10808,P3,Mar,HP-220,Gold,189,45.8,Yes,Closed
T10809,P3,Dec,FC-310,Standard,203,63.8,Yes,Closed
T10810,P2,Mar,SM-210,Standard,22,5.4,Yes,Closed
T10811,P3,Sep,FC-410,Standard,120,30.5,Yes,Closed
T10812,P3,Aug,VX-210,Platinum,87,80.4,No,Closed
T10813,P3,Nov,TL-220,Gold,172,64.2,Yes,Closed
T10814,P3,Sep,VX-110,Standard,213,35.8,Yes,Closed
T10815,P3,Nov,FC-110,Platinum,173,40.9,Yes,Closed
T10816,P3,Jun,FC-110,Standard,39,107.3,No,Closed
T10817,P3,Mar,SM-210,Standard,67,65.6,Yes,Closed
T10818,P2,Mar,TL-110,Standard,20,4.2,Yes,Closed
T10819,P3,Mar,VX-220,Standard,98,17.7,Yes,Closed
T10820,P2,Jul,FC-220,Standard,19,2.0,Yes,Closed
T10821,P3,Mar,FC-110,Gold,338,30.1,No,Closed
T10822,P3,Sep,HP-410,Standard,69,52.8,Yes,Closed
T10823,P3,Jan,TL-410,Gold,89,17.9,Yes,Closed
T10824,P1,Oct,SM-410,Standard,8,3.5,Yes,Closed
T10825,P2,Dec,FC-120,Standard,31,3.6,Yes,Closed
T10826,P4,Jul,FC-310,Standard,683,127.3,No,Closed
T10827,P3,Aug,FC-410,Platinum,73,55.4,Yes,Closed
T10828,P2,Oct,SM-410,Standard,42,6.9,Yes,Closed
T10829,P3,Feb,SM-220,Gold,71,16.4,Yes,Closed
T10830,P2,Sep,VX-310,Gold,13,1.9,Yes,Closed
T10831,P3,Jun,FC-110,Platinum,218,48.4,Yes,Closed
T10832,P3,Apr,TL-310,Platinum,371,44.2,No,Closed
T10833,P4,Aug,HP-310,Platinum,148,17.4,Yes,Closed
T10834,P2,Jul,VX-220,Standard,15,3.1,Yes,Closed
T10835,P4,Dec,VX-120,Standard,366,105.9,Yes,Closed
T10836,P4,Nov,HP-120,Platinum,443,150.4,Yes,Closed
T10837,P2,Sep,SM-220,Standard,24,4.9,Yes,Closed
T10838,P3,Feb,SM-220,Platinum,328,43.0,No,Closed
T10839,P4,Jan,TL-210,Platinum,413,49.9,Yes,Closed
T10840,P3,Nov,HP-410,Gold,162,86.4,No,Closed
T10841,P4,Mar,FC-310,Gold,79,152.9,Yes,Closed
T10842,P2,Mar,SM-110,Gold,20,1.8,Yes,Closed
T10843,P3,Jun,TL-120,Standard,391,38.1,No,Closed
T10844,P3,Sep,HP-220,Platinum,182,68.4,Yes,Closed
T10845,P3,Apr,FC-220,Platinum,110,47.2,Yes,Closed
T10846,P1,Jan,HP-220,Standard,10,0.7,Yes,Closed
T10847,P3,May,VX-110,Platinum,201,15.1,Yes,Closed
T10848,P3,Feb,SM-310,Standard,68,28.5,Yes,Closed
T10849,P2,May,VX-110,Standard,50,5.9,Yes,Closed
T10850,P2,May,VX-110,Platinum,49,5.9,Yes,Closed
T10851,P4,Dec,FC-220,Platinum,286,62.7,Yes,Closed
T10852,P1,Jan,TL-110,Standard,6,2.3,Yes,Closed
T10853,P3,Jul,SM-110,Platinum,210,21.4,Yes,Closed
T10854,P2,Dec,VX-210,Standard,49,7.1,Yes,Closed
T10855,P2,Feb,SM-410,Gold,50,5.2,Yes,Closed
T10856,P4,May,TL-310,Standard,375,257.4,No,Closed
T10857,P4,Nov,FC-220,Standard,544,84.8,No,Closed
T10858,P2,Jun,TL-210,Gold,13,3.0,Yes,Closed
T10859,P3,Mar,FC-220,Standard,197,56.4,Yes,Closed
T10860,P4,Jul,SM-120,Platinum,371,60.5,Yes,Closed
T10861,P2,Jan,VX-210,Standard,50,1.1,Yes,Closed
T10862,P4,Sep,VX-110,Gold,169,122.1,Yes,Closed
T10863,P3,May,HP-120,Standard,118,21.9,Yes,Closed
T10864,P2,Oct,VX-110,Platinum,12,1.1,Yes,Closed
T10865,P1,Mar,FC-120,Standard,5,3.1,Yes,Closed
T10866,P4,Sep,FC-120,Standard,262,156.7,Yes,Closed
T10867,P4,Oct,TL-410,Platinum,131,122.7,Yes,Closed
T10868,P4,May,HP-410,Standard,187,44.9,Yes,Closed
T10869,P1,Jul,TL-310,Standard,5,2.4,Yes,Closed
T10870,P3,Jan,HP-120,Standard,165,41.3,Yes,Closed
T10871,P3,Sep,FC-410,Platinum,152,56.3,Yes,Closed
T10872,P3,Feb,VX-210,Platinum,381,18.5,No,Closed
T10873,P3,Aug,VX-120,Platinum,108,48.1,Yes,Closed
T10874,P3,Sep,SM-310,Gold,322,33.1,No,Closed
T10875,P3,Aug,VX-210,Gold,177,21.8,Yes,Closed
T10876,P3,Mar,HP-310,Standard,138,36.1,Yes,Closed
T10877,P1,Nov,VX-110,Standard,6,1.8,Yes,Closed
T10878,P2,Dec,SM-220,Standard,34,3.2,Yes,Closed
T10879,P2,Feb,HP-110,Standard,31,3.9,Yes,Closed
T10880,P1,Jul,SM-220,Standard,12,0.8,Yes,Closed
T10881,P3,May,SM-120,Standard,134,65.2,Yes,Closed
T10882,P2,Aug,SM-120,Standard,15,6.9,Yes,Closed
T10883,P1,Jan,HP-220,Platinum,11,2.7,Yes,Closed
T10884,P3,Jul,TL-120,Standard,54,51.2,Yes,Closed
T10885,P2,Mar,VX-310,Standard,20,3.8,Yes,Closed
T10886,P4,May,TL-210,Standard,146,142.9,Yes,Closed
T10887,P3,Apr,HP-220,Standard,121,57.4,Yes,Closed
T10888,P2,Jun,TL-220,Gold,37,7.6,Yes,Closed
T10889,P2,Jun,HP-310,Gold,56,11.3,No,Closed
T10890,P4,Jan,VX-110,Gold,294,118.5,Yes,Closed
T10891,P4,Oct,HP-120,Platinum,289,154.6,Yes,Closed
T10892,P4,Oct,SM-310,Gold,413,72.0,Yes,Closed
T10893,P1,Sep,TL-410,Platinum,6,2.2,Yes,Closed
T10894,P3,Nov,VX-220,Platinum,128,36.1,Yes,Closed
T10895,P2,Jan,FC-310,Gold,42,1.6,Yes,Closed
T10896,P3,Oct,FC-120,Gold,81,13.5,Yes,Closed
T10897,P3,Oct,TL-110,Standard,116,102.6,No,Closed
T10898,P3,Sep,TL-310,Platinum,265,11.5,No,Closed
T10899,P2,Dec,TL-120,Standard,29,3.1,Yes,Closed
T10900,P1,Oct,TL-120,Platinum,8,2.3,Yes,Closed
T10901,P3,May,TL-220,Standard,113,23.6,Yes,Closed
T10902,P4,Oct,FC-210,Standard,362,121.4,Yes,Closed
T10903,P2,Aug,SM-210,Standard,33,6.1,Yes,Closed
T10904,P3,Nov,TL-220,Platinum,150,44.4,Yes,Closed
T10905,P3,Nov,VX-110,Platinum,47,21.2,Yes,Closed
T10906,P3,Nov,VX-410,Standard,132,40.6,Yes,Closed
T10907,P3,Aug,TL-120,Platinum,68,40.6,Yes,Closed
T10908,P4,Dec,TL-120,Standard,614,83.4,No,Closed
T10909,P4,Feb,VX-110,Gold,405,23.5,Yes,Closed
T10910,P1,Nov,SM-120,Standard,4,2.8,Yes,Closed
T10911,P3,Jul,TL-310,Gold,360,12.1,No,Closed
T10912,P2,Aug,FC-120,Standard,19,1.1,Yes,Closed
T10913,P4,Mar,TL-120,Platinum,523,22.6,No,Closed
T10914,P2,Mar,HP-220,Standard,53,1.5,Yes,Closed
T10915,P2,May,HP-120,Standard,79,2.8,No,Closed
T10916,P2,Aug,VX-110,Standard,27,4.8,Yes,Closed
T10917,P3,Nov,HP-310,Standard,104,10.5,Yes,Closed
T10918,P2,Dec,VX-110,Standard,79,3.6,No,Closed
T10919,P3,Mar,SM-120,Standard,154,25.6,Yes,Closed
T10920,P2,Jan,HP-310,Platinum,16,2.2,Yes,Closed
T10921,P2,Nov,VX-210,Platinum,56,2.7,Yes,Closed
T10922,P4,Aug,FC-210,Standard,339,45.6,Yes,Closed
T10923,P2,Oct,FC-110,Gold,36,1.3,Yes,Closed
T10924,P2,Oct,TL-220,Gold,45,3.7,Yes,Closed
T10925,P3,Jun,HP-120,Standard,39,65.2,Yes,Closed
T10926,P3,Jul,TL-220,Standard,120,31.3,Yes,Closed
T10927,P3,May,HP-410,Gold,153,54.2,Yes,Closed
T10928,P4,Dec,FC-220,Platinum,131,51.7,Yes,Closed
T10929,P4,Jan,VX-110,Platinum,201,35.1,Yes,Closed
T10930,P3,Sep,TL-120,Standard,157,61.7,Yes,Closed
T10931,P4,Jan,VX-110,Gold,644,109.4,No,Closed
T10932,P1,Apr,HP-210,Platinum,7,2.5,Yes,Closed
T10933,P3,Feb,HP-210,Standard,56,16.2,Yes,Closed
T10934,P3,Sep,VX-220,Standard,108,35.1,Yes,Closed
T10935,P1,Dec,FC-410,Platinum,13,0.5,Yes,Closed
T10936,P4,Mar,VX-410,Standard,361,151.8,Yes,Closed
T10937,P4,Aug,FC-310,Platinum,545,155.8,No,Closed
T10938,P4,Dec,HP-120,Standard,423,19.7,Yes,Closed
T10939,P1,Sep,FC-220,Standard,5,1.5,Yes,Closed
T10940,P3,Sep,FC-120,Gold,223,65.9,Yes,Closed
T10941,P3,Aug,VX-220,Standard,122,65.7,Yes,Closed
T10942,P3,Jan,HP-220,Standard,52,44.6,Yes,Closed
T10943,P3,Apr,FC-410,Gold,82,64.2,Yes,Closed
T10944,P3,May,SM-110,Gold,168,48.3,Yes,Closed
T10945,P4,Sep,FC-210,Gold,359,125.8,Yes,Closed
T10946,P2,Jun,HP-220,Gold,40,6.8,Yes,Closed
T10947,P3,Feb,VX-110,Gold,158,63.4,Yes,Closed
T10948,P3,Aug,VX-110,Gold,181,52.0,Yes,Closed
T10949,P3,Mar,SM-110,Gold,194,20.3,Yes,Closed
T10950,P3,Jul,TL-210,Gold,353,15.7,No,Closed
T10951,P3,Apr,TL-220,Platinum,70,47.9,Yes,Closed
T10952,P1,Feb,TL-110,Gold,19,1.2,No,Closed
T10953,P4,Apr,FC-310,Standard,561,155.1,No,Closed
T10954,P2,Mar,TL-220,Standard,49,7.2,Yes,Closed
T10955,P2,Nov,HP-410,Standard,65,2.0,No,Closed
T10956,P3,Jul,TL-120,Standard,217,11.1,Yes,Closed
T10957,P4,Jul,SM-220,Standard,414,110.8,Yes,Closed
T10958,P1,Apr,VX-110,Gold,10,3.5,Yes,Closed
T10959,P2,Jun,SM-220,Gold,47,3.2,Yes,Closed
T10960,P4,Feb,VX-120,Gold,437,42.6,Yes,Closed
T10961,P3,Jun,FC-220,Platinum,118,16.5,Yes,Closed
T10962,P2,Feb,TL-220,Standard,54,0.8,Yes,Closed
T10963,P2,Dec,VX-210,Standard,21,2.6,Yes,Closed
T10964,P3,Aug,TL-210,Gold,207,8.8,Yes,Closed
T10965,P3,Sep,TL-120,Standard,52,48.0,Yes,Closed
T10966,P3,Oct,TL-210,Standard,191,27.3,Yes,Closed
T10967,P3,Jul,TL-310,Standard,199,27.1,Yes,Closed
T10968,P2,Jul,TL-110,Standard,46,1.8,Yes,Closed
T10969,P3,Apr,TL-310,Gold,61,18.4,Yes,Closed
T10970,P2,Jun,FC-120,Standard,56,7.2,Yes,Closed
T10971,P3,Jul,SM-410,Standard,149,20.7,Yes,Closed
T10972,P3,Dec,SM-210,Gold,134,17.6,Yes,Closed
T10973,P3,Feb,FC-310,Gold,64,68.0,Yes,Closed
T10974,P3,Dec,HP-220,Platinum,52,54.5,Yes,Closed
T10975,P4,Sep,HP-120,Gold,413,54.8,Yes,Closed
T10976,P4,Mar,TL-310,Standard,363,18.8,Yes,Closed
T10977,P3,Nov,SM-410,Gold,118,57.8,Yes,Closed
T10978,P1,Jul,TL-410,Standard,11,4.8,No,Closed
T10979,P2,Dec,VX-210,Standard,42,1.8,Yes,Closed
T10980,P3,Dec,HP-310,Platinum,93,15.4,Yes,Closed
T10981,P2,May,TL-110,Platinum,26,4.8,Yes,Closed
T10982,P1,Jun,SM-310,Platinum,13,1.9,Yes,Closed
T10983,P2,Oct,HP-110,Platinum,48,5.2,Yes,Closed
T10984,P4,Mar,HP-220,Standard,401,131.2,Yes,Closed
T10985,P2,Jul,VX-210,Gold,42,4.1,Yes,Closed
T10986,P3,Sep,VX-220,Platinum,143,58.6,Yes,Closed
T10987,P4,Apr,TL-210,Standard,702,145.7,No,Closed
T10988,P4,Feb,SM-310,Standard,119,66.2,Yes,Closed
T10989,P4,Mar,VX-120,Standard,132,70.6,Yes,Closed
T10990,P1,Oct,VX-220,Gold,12,3.6,Yes,Closed
T10991,P2,Feb,HP-210,Standard,15,3.8,Yes,Closed
T10992,P3,Jul,FC-120,Standard,152,8.5,Yes,Closed
T10993,P2,Nov,VX-210,Gold,32,2.1,Yes,Closed
T10994,P3,Mar,SM-410,Platinum,38,64.0,Yes,Closed
T10995,P1,Apr,SM-310,Standard,17,2.8,No,Closed
T10996,P3,Aug,FC-310,Gold,148,20.1,Yes,Closed
T10997,P2,Oct,HP-220,Platinum,30,5.5,Yes,Closed
T10998,P1,Feb,FC-220,Platinum,4,3.6,Yes,Closed
T10999,P4,Feb,VX-220,Standard,454,41.7,Yes,Closed
T11000,P3,Mar,FC-310,Gold,362,23.6,No,Closed
T11001,P3,Dec,VX-110,Standard,138,61.9,Yes,Closed
T11002,P4,Nov,HP-310,Platinum,369,57.0,Yes,Closed
T11003,P2,Aug,SM-410,Standard,51,5.9,Yes,Closed
T11004,P3,Jan,SM-220,Standard,179,56.6,Yes,Closed
T11005,P3,Nov,TL-310,Gold,217,9.3,Yes,Closed
T11006,P3,Jul,HP-410,Gold,127,100.6,No,Closed
T11007,P4,Mar,SM-210,Platinum,321,85.2,Yes,Closed
T11008,P3,Oct,HP-220,Standard,136,28.9,Yes,Closed
T11009,P3,Feb,SM-220,Standard,187,13.3,Yes,Closed
T11010,P3,Aug,FC-310,Standard,385,24.2,No,Closed
T11011,P2,Mar,HP-110,Standard,31,11.0,No,Closed
T11012,P2,Sep,HP-410,Standard,13,3.1,Yes,Closed
T11013,P3,Mar,SM-220,Platinum,185,55.6,Yes,Closed
T11014,P2,Oct,SM-310,Standard,31,7.2,Yes,Closed
T11015,P2,Mar,SM-220,Gold,35,7.3,Yes,Closed
T11016,P3,Feb,FC-310,Platinum,158,56.0,Yes,Closed
T11017,P2,Apr,HP-310,Platinum,22,5.0,Yes,Closed
T11018,P4,Sep,TL-210,Standard,602,92.4,No,Closed
T11019,P1,Jun,SM-220,Standard,4,1.9,Yes,Closed
T11020,P2,Aug,TL-310,Platinum,17,2.2,Yes,Closed
T11021,P1,Oct,FC-220,Standard,26,0.5,No,Closed
T11022,P2,Feb,SM-220,Gold,10,1.1,Yes,Closed
T11023,P4,Jun,FC-210,Platinum,619,28.9,No,Closed
T11024,P3,Oct,TL-120,Standard,42,46.9,Yes,Closed
T11025,P4,Apr,FC-120,Gold,389,79.1,Yes,Closed
T11026,P3,Feb,VX-310,Gold,46,59.4,Yes,Closed
T11027,P4,May,HP-410,Gold,399,95.0,Yes,Closed
T11028,P4,Nov,HP-220,Platinum,130,17.2,Yes,Closed
T11029,P3,Jan,SM-120,Gold,118,11.6,Yes,Closed
T11030,P4,Aug,HP-110,Gold,189,148.2,Yes,Closed
T11031,P4,Sep,VX-210,Platinum,415,125.8,Yes,Closed
T11032,P4,Jun,TL-410,Gold,352,91.3,Yes,Closed
T11033,P4,May,TL-310,Gold,173,125.4,Yes,Closed
T11034,P3,Feb,VX-210,Standard,198,66.0,Yes,Closed
T11035,P3,Mar,SM-120,Gold,286,84.4,No,Closed
T11036,P3,May,VX-110,Standard,211,66.8,Yes,Closed
T11037,P2,Nov,VX-220,Gold,30,2.0,Yes,Closed
T11038,P1,Dec,SM-220,Platinum,4,1.1,Yes,Closed
T11039,P4,Jan,HP-110,Standard,179,36.8,Yes,Closed
T11040,P3,Jul,VX-120,Gold,111,18.2,Yes,Closed
T11041,P3,Dec,FC-110,Standard,179,18.4,Yes,Closed
T11042,P4,Sep,TL-110,Standard,177,229.9,No,Closed
T11043,P4,Sep,FC-410,Standard,115,133.1,Yes,Closed
T11044,P4,May,FC-310,Gold,446,66.2,Yes,Closed
T11045,P2,May,HP-210,Gold,30,1.7,Yes,Closed
T11046,P3,Oct,TL-120,Standard,137,46.6,Yes,Closed
T11047,P2,Oct,HP-210,Gold,41,7.5,Yes,Closed
T11048,P2,Aug,HP-410,Platinum,11,4.5,Yes,Closed
T11049,P3,Jun,FC-410,Standard,224,42.7,Yes,Closed
T11050,P4,Aug,HP-110,Platinum,434,111.4,Yes,Closed
T11051,P1,Oct,TL-110,Gold,4,0.7,Yes,Closed
T11052,P4,Apr,HP-210,Platinum,441,141.7,Yes,Closed
T11053,P3,Oct,FC-110,Platinum,87,50.1,Yes,Closed
T11054,P2,Oct,VX-210,Gold,21,11.0,No,Closed
T11055,P3,Aug,TL-210,Standard,109,22.0,Yes,Closed
T11056,P4,Jul,HP-120,Standard,585,122.4,No,Closed
T11057,P4,Apr,HP-210,Standard,333,93.2,Yes,Closed
T11058,P2,Nov,VX-210,Platinum,23,9.6,No,Closed
T11059,P1,Mar,HP-210,Platinum,13,0.4,Yes,Closed
T11060,P4,Jan,SM-120,Standard,95,24.1,Yes,Closed
T11061,P3,Mar,SM-310,Standard,164,28.2,Yes,Closed
T11062,P4,Jan,HP-120,Standard,337,59.8,Yes,Closed
T11063,P3,Apr,HP-110,Gold,111,50.3,Yes,Closed
T11064,P3,May,VX-120,Gold,188,92.7,No,Closed
T11065,P2,Jan,TL-210,Standard,53,4.5,Yes,Closed
T11066,P4,Jul,TL-310,Standard,125,19.3,Yes,Closed
T11067,P2,Jun,SM-120,Platinum,10,2.6,Yes,Closed
T11068,P3,Nov,SM-410,Platinum,87,40.0,Yes,Closed
T11069,P3,Nov,HP-310,Standard,165,38.8,Yes,Closed
T11070,P3,Aug,HP-210,Standard,207,99.1,No,Closed
T11071,P4,Dec,VX-310,Gold,607,96.8,No,Closed
T11072,P4,Apr,SM-210,Standard,274,136.4,Yes,Closed
T11073,P3,Oct,VX-110,Standard,108,43.2,Yes,Closed
T11074,P1,Apr,VX-210,Standard,10,1.5,Yes,Closed
T11075,P2,Nov,SM-120,Gold,45,6.6,Yes,Closed
T11076,P1,Apr,HP-210,Gold,8,1.5,Yes,Closed
T11077,P1,Jun,HP-110,Gold,9,2.7,Yes,Closed
T11078,P4,May,SM-220,Standard,372,153.6,Yes,Closed
T11079,P4,Jul,FC-120,Standard,327,124.5,Yes,Closed
T11080,P3,Jan,SM-120,Gold,174,25.7,Yes,Closed
T11081,P2,Aug,HP-310,Standard,55,0.9,Yes,Closed
T11082,P2,Nov,HP-410,Platinum,28,6.0,Yes,Closed
T11083,P3,Mar,SM-310,Platinum,89,16.3,Yes,Closed
T11084,P3,Aug,VX-220,Gold,48,20.7,Yes,Closed
T11085,P1,Sep,TL-110,Standard,7,1.9,Yes,Closed
T11086,P3,Apr,SM-110,Standard,228,37.6,Yes,Closed
T11087,P3,Jun,TL-310,Standard,99,32.4,Yes,Closed
T11088,P4,Jul,SM-410,Platinum,77,97.0,Yes,Closed
T11089,P3,Aug,VX-220,Gold,109,18.6,Yes,Closed
T11090,P4,Feb,FC-110,Standard,799,149.7,No,Closed
T11091,P4,Dec,HP-210,Standard,265,102.2,Yes,Closed
T11092,P2,Nov,FC-310,Standard,55,6.9,Yes,Closed
T11093,P3,Aug,VX-210,Standard,152,10.7,Yes,Closed
T11094,P4,Jul,TL-110,Platinum,435,116.6,Yes,Closed
T11095,P3,May,TL-410,Standard,163,54.9,Yes,Closed
T11096,P2,Jan,TL-310,Standard,46,7.2,Yes,Closed
T11097,P3,Aug,FC-110,Standard,221,23.4,Yes,Closed
T11098,P3,Mar,SM-220,Standard,164,38.3,Yes,Closed
T11099,P3,Mar,FC-220,Gold,159,52.3,Yes,Closed
T11100,P1,Oct,VX-310,Standard,11,1.9,Yes,Closed
T11101,P3,Aug,VX-410,Standard,132,38.7,Yes,Closed
T11102,P2,Dec,TL-220,Gold,52,4.5,Yes,Closed
T11103,P3,Jun,SM-210,Standard,38,10.6,Yes,Closed
T11104,P1,Oct,VX-210,Standard,13,0.5,Yes,Closed
T11105,P2,Jan,HP-110,Gold,11,7.4,Yes,Closed
T11106,P2,Apr,FC-120,Standard,26,2.6,Yes,Closed
T11107,P3,Oct,VX-310,Standard,111,43.7,Yes,Closed
T11108,P3,Dec,VX-110,Gold,132,31.6,Yes,Closed
T11109,P4,Feb,HP-110,Standard,796,50.0,No,Closed
T11110,P4,Mar,HP-220,Standard,147,119.5,Yes,Closed
T11111,P3,Jan,FC-410,Standard,76,63.8,Yes,Closed
T11112,P3,Nov,HP-220,Gold,163,26.2,Yes,Closed
T11113,P3,Mar,HP-220,Gold,56,84.1,No,Closed
T11114,P4,Nov,FC-220,Gold,437,45.6,Yes,Closed
T11115,P3,Aug,SM-410,Gold,223,59.0,Yes,Closed
T11116,P2,Feb,VX-120,Gold,46,5.2,Yes,Closed
T11117,P3,Apr,TL-110,Platinum,158,21.4,Yes,Closed
T11118,P4,Nov,HP-210,Standard,203,98.9,Yes,Closed
T11119,P3,Apr,HP-120,Standard,81,30.5,Yes,Closed
T11120,P4,Jun,SM-120,Standard,159,108.1,Yes,Closed
T11121,P2,Mar,SM-410,Standard,46,6.3,Yes,Closed
T11122,P3,Jul,TL-210,Platinum,166,18.9,Yes,Closed
T11123,P3,Feb,TL-410,Platinum,101,14.4,Yes,Closed
T11124,P3,Jun,SM-210,Standard,114,15.0,Yes,Closed
T11125,P3,Jan,FC-310,Standard,142,27.8,Yes,Closed
T11126,P4,Oct,SM-310,Standard,150,18.6,Yes,Closed
T11127,P3,Sep,VX-310,Standard,71,31.4,Yes,Closed
T11128,P2,Apr,SM-120,Platinum,52,4.3,Yes,Closed
T11129,P2,Jul,FC-220,Standard,17,1.2,Yes,Closed
T11130,P2,Dec,HP-410,Gold,13,8.8,No,Closed
T11131,P3,Oct,TL-310,Standard,176,26.2,Yes,Closed
T11132,P3,Dec,TL-110,Standard,167,45.5,Yes,Closed
T11133,P3,Mar,FC-110,Standard,168,32.0,Yes,Closed
T11134,P2,Dec,TL-220,Standard,32,4.1,Yes,Closed
T11135,P2,Feb,SM-210,Platinum,47,11.0,No,Closed
T11136,P2,Sep,TL-210,Gold,51,2.3,Yes,Closed
T11137,P4,Oct,VX-210,Gold,249,31.8,Yes,Closed
T11138,P4,Apr,SM-220,Standard,640,95.4,No,Closed
T11139,P3,May,HP-310,Platinum,121,8.9,Yes,Closed
T11140,P3,Aug,HP-110,Gold,169,101.4,No,Closed
T11141,P3,Jul,VX-220,Standard,148,42.8,Yes,Closed
T11142,P4,Dec,TL-210,Standard,131,57.0,Yes,Closed
T11143,P3,Jul,VX-120,Standard,42,49.9,Yes,Closed
T11144,P4,Sep,FC-410,Standard,115,133.4,Yes,Closed
T11145,P3,Jan,HP-220,Standard,124,27.2,Yes,Closed
T11146,P2,Feb,VX-410,Gold,42,1.6,Yes,Closed
T11147,P3,May,FC-410,Gold,83,23.2,Yes,Closed
T11148,P3,Jan,VX-110,Standard,97,26.3,Yes,Closed
T11149,P3,Aug,SM-220,Platinum,194,11.7,Yes,Closed
T11150,P3,Mar,TL-110,Standard,364,55.1,No,Closed
T11151,P3,Jan,VX-410,Standard,139,13.8,Yes,Closed
T11152,P3,May,TL-410,Gold,70,9.3,Yes,Closed
T11153,P1,Mar,FC-210,Platinum,13,2.9,Yes,Closed
T11154,P2,Oct,HP-210,Gold,46,3.0,Yes,Closed
T11155,P3,Nov,SM-410,Standard,135,20.1,Yes,Closed
T11156,P3,May,TL-210,Standard,72,49.0,Yes,Closed
T11157,P3,Dec,VX-120,Standard,43,45.0,Yes,Closed
T11158,P3,Nov,VX-220,Platinum,313,41.6,No,Closed
T11159,P1,Jan,FC-120,Standard,8,1.5,Yes,Closed
T11160,P3,Aug,TL-210,Platinum,132,47.1,Yes,Closed
T11161,P3,Apr,VX-410,Standard,87,43.3,Yes,Closed
T11162,P2,Jan,HP-210,Platinum,26,2.2,Yes,Closed
T11163,P4,Jul,SM-220,Platinum,412,117.3,Yes,Closed
T11164,P2,Feb,VX-410,Gold,91,7.1,No,Closed
T11165,P3,Dec,TL-210,Platinum,384,67.0,No,Closed
T11166,P2,Aug,TL-120,Gold,32,5.9,Yes,Closed
T11167,P2,Jul,TL-410,Platinum,12,1.2,Yes,Closed
T11168,P4,Aug,TL-410,Gold,321,88.8,Yes,Closed
T11169,P3,May,HP-210,Standard,82,17.6,Yes,Closed
T11170,P3,Jul,HP-210,Standard,90,55.4,Yes,Closed
T11171,P2,Nov,SM-110,Standard,42,4.7,Yes,Closed
T11172,P2,Sep,VX-310,Standard,46,5.6,Yes,Closed
T11173,P2,Apr,VX-210,Standard,28,5.7,Yes,Closed
T11174,P4,Jun,SM-310,Platinum,275,62.4,Yes,Closed
T11175,P4,Sep,VX-210,Standard,450,159.1,Yes,Closed
T11176,P2,Sep,VX-410,Platinum,33,6.1,Yes,Closed
T11177,P1,Sep,HP-220,Standard,11,5.3,No,Closed
T11178,P4,Oct,TL-120,Platinum,701,122.3,No,Closed
T11179,P2,Apr,FC-310,Standard,35,5.8,Yes,Closed
T11180,P4,Mar,VX-410,Platinum,303,79.8,Yes,Closed
T11181,P3,Nov,SM-410,Standard,322,24.7,No,Closed
T11182,P4,Aug,TL-110,Gold,263,123.0,Yes,Closed
T11183,P3,Sep,FC-120,Gold,63,24.2,Yes,Closed
T11184,P4,Mar,HP-120,Gold,361,52.4,Yes,Closed
T11185,P3,Sep,VX-120,Platinum,65,26.5,Yes,Closed
T11186,P3,Jun,FC-210,Gold,60,18.1,Yes,Closed
T11187,P3,Nov,HP-210,Platinum,405,54.1,No,Closed
T11188,P3,Nov,TL-410,Standard,50,38.9,Yes,Closed
T11189,P3,Oct,HP-310,Standard,66,49.6,Yes,Closed
T11190,P1,Dec,SM-410,Platinum,9,0.6,Yes,Closed
T11191,P4,Jun,TL-220,Gold,362,69.7,Yes,Closed
T11192,P3,Mar,VX-210,Gold,120,30.5,Yes,Closed
T11193,P2,Dec,SM-410,Standard,54,4.8,Yes,Closed
T11194,P3,Dec,HP-210,Gold,98,62.8,Yes,Closed
T11195,P1,Oct,SM-120,Standard,8,3.7,Yes,Closed
T11196,P2,May,VX-210,Platinum,52,6.5,Yes,Closed
T11197,P4,Aug,TL-110,Gold,81,53.3,Yes,Closed
T11198,P3,Oct,FC-410,Standard,164,60.1,Yes,Closed
T11199,P3,Jan,VX-220,Platinum,55,34.0,Yes,Closed
T11200,P3,Jan,HP-310,Standard,201,8.1,Yes,Closed
T11201,P2,Oct,FC-410,Standard,28,2.5,Yes,Closed
T11202,P3,Mar,SM-210,Standard,193,26.5,Yes,Closed
T11203,P3,Feb,HP-110,Gold,347,48.7,No,Closed
T11204,P4,Dec,FC-120,Standard,294,66.0,Yes,Closed
T11205,P2,Aug,TL-110,Standard,77,6.0,No,Closed
T11206,P4,Feb,VX-220,Platinum,162,79.5,Yes,Closed
T11207,P3,Oct,HP-410,Standard,94,10.5,Yes,Closed
T11208,P3,Dec,FC-220,Standard,214,16.0,Yes,Closed
T11209,P3,Mar,HP-110,Gold,171,61.3,Yes,Closed
T11210,P3,Nov,TL-310,Standard,186,59.9,Yes,Closed
T11211,P2,Nov,FC-210,Gold,43,4.8,Yes,Closed
T11212,P4,Dec,HP-210,Standard,852,92.7,No,Closed
T11213,P3,Nov,FC-110,Standard,428,58.6,No,Closed
T11214,P4,Aug,FC-410,Standard,621,137.0,No,Closed
T11215,P2,Mar,SM-210,Standard,43,6.2,Yes,Closed
T11216,P1,Feb,TL-310,Standard,9,3.6,Yes,Closed
T11217,P3,Jan,SM-410,Platinum,47,45.2,Yes,Closed
T11218,P2,Aug,TL-220,Standard,31,1.1,Yes,Closed
T11219,P4,Dec,SM-310,Gold,128,95.7,Yes,Closed
T11220,P3,Jul,VX-310,Standard,340,43.3,No,Closed
T11221,P3,Aug,VX-120,Gold,383,64.4,No,Closed
T11222,P1,Jan,SM-220,Standard,11,1.0,Yes,Closed
T11223,P3,Mar,VX-220,Standard,142,40.0,Yes,Closed
T11224,P3,Jul,FC-120,Standard,259,43.1,No,Closed
T11225,P4,Dec,SM-210,Standard,139,104.0,Yes,Closed
T11226,P2,Jul,FC-120,Standard,37,3.0,Yes,Closed
T11227,P4,Aug,HP-410,Standard,350,50.0,Yes,Closed
T11228,P4,May,HP-210,Platinum,255,113.5,Yes,Closed
T11229,P3,Nov,SM-220,Gold,226,56.0,Yes,Closed
T11230,P2,Nov,HP-220,Standard,54,4.8,Yes,Closed
T11231,P4,Apr,HP-410,Standard,335,20.8,Yes,Closed
T11232,P4,Sep,FC-310,Platinum,93,53.0,Yes,Closed
T11233,P2,Jul,HP-120,Standard,20,1.3,Yes,Closed
T11234,P3,Mar,SM-110,Standard,123,19.9,Yes,Closed
T11235,P2,Aug,VX-110,Standard,36,4.3,Yes,Closed
T11236,P3,Sep,HP-210,Gold,300,41.5,No,Closed
T11237,P2,Sep,SM-410,Platinum,48,7.6,Yes,Closed
T11238,P4,Dec,FC-410,Gold,831,145.6,No,Closed
T11239,P1,Jul,TL-310,Standard,13,2.9,Yes,Closed
T11240,P4,Jan,TL-120,Standard,167,23.5,Yes,Closed
T11241,P3,Jun,HP-120,Standard,206,51.8,Yes,Closed
T11242,P3,Sep,HP-310,Standard,396,52.9,No,Closed
T11243,P2,Dec,FC-220,Standard,47,4.9,Yes,Closed
T11244,P1,Oct,FC-220,Platinum,5,3.7,Yes,Closed
T11245,P3,Jan,FC-110,Standard,69,39.5,Yes,Closed
T11246,P3,Apr,TL-110,Gold,141,37.8,Yes,Closed
T11247,P3,Apr,HP-210,Platinum,133,14.4,Yes,Closed
T11248,P2,Dec,HP-110,Platinum,12,2.3,Yes,Closed
T11249,P3,Feb,VX-120,Standard,168,33.3,Yes,Closed
T11250,P3,Jun,VX-410,Standard,149,21.9,Yes,Closed
T11251,P4,May,VX-110,Gold,668,78.0,No,Closed
T11252,P2,Oct,TL-210,Standard,95,2.1,No,Closed
T11253,P2,Jul,HP-110,Standard,14,3.8,Yes,Closed
T11254,P3,Sep,SM-410,Standard,226,25.7,Yes,Closed
T11255,P4,May,SM-210,Platinum,835,103.4,No,Closed
T11256,P3,Dec,SM-120,Standard,184,29.8,Yes,Closed
T11257,P4,Sep,HP-210,Gold,168,138.8,Yes,Closed
T11258,P4,Mar,VX-120,Standard,450,31.4,Yes,Closed
T11259,P1,Mar,SM-210,Standard,12,2.4,Yes,Closed
T11260,P1,Jul,HP-220,Standard,6,3.0,Yes,Closed
T11261,P3,Sep,HP-120,Platinum,393,12.1,No,Closed
T11262,P1,Nov,HP-220,Gold,3,1.5,Yes,Closed
T11263,P3,Feb,FC-310,Standard,191,62.2,Yes,Closed
T11264,P4,May,VX-120,Standard,111,97.8,Yes,Closed
T11265,P3,Jun,HP-210,Standard,90,60.7,Yes,Closed
T11266,P1,May,TL-220,Standard,4,2.3,Yes,Closed
T11267,P2,May,TL-210,Standard,96,9.9,No,Closed
T11268,P1,Oct,VX-120,Gold,10,1.7,Yes,Closed
T11269,P3,Dec,FC-310,Platinum,97,42.4,Yes,Closed
T11270,P2,Mar,VX-210,Gold,45,6.8,Yes,Closed
T11271,P3,Dec,TL-210,Standard,159,50.0,Yes,Closed
T11272,P4,Jan,HP-410,Gold,107,204.7,No,Closed
T11273,P3,Jan,VX-410,Platinum,134,37.0,Yes,Closed
T11274,P4,Dec,FC-220,Standard,395,153.5,Yes,Closed
T11275,P3,Jan,SM-110,Standard,216,105.0,No,Closed
T11276,P2,Jan,SM-220,Gold,38,6.7,Yes,Closed
T11277,P3,Aug,VX-120,Gold,175,31.0,Yes,Closed
T11278,P3,Oct,SM-110,Standard,425,41.8,No,Closed
T11279,P4,Jul,TL-120,Gold,601,150.6,No,Closed
T11280,P2,Sep,TL-220,Platinum,17,1.7,Yes,Closed
T11281,P2,Jan,VX-110,Standard,53,4.3,Yes,Closed
T11282,P3,Aug,TL-220,Platinum,114,50.8,Yes,Closed
T11283,P3,Aug,VX-310,Standard,216,39.2,Yes,Closed
T11284,P2,Jan,HP-410,Standard,23,5.6,Yes,Closed
T11285,P3,Oct,TL-110,Standard,112,37.8,Yes,Closed
T11286,P4,Jun,SM-210,Platinum,269,27.0,Yes,Closed
T11287,P3,Aug,TL-120,Gold,120,15.5,Yes,Closed
T11288,P4,Apr,HP-210,Standard,119,123.4,Yes,Closed
T11289,P3,Sep,HP-310,Standard,216,27.1,Yes,Closed
T11290,P1,Dec,FC-210,Standard,5,0.7,Yes,Closed
T11291,P3,Jul,VX-120,Standard,211,23.7,Yes,Closed
T11292,P2,Nov,TL-210,Platinum,46,7.6,Yes,Closed
T11293,P3,May,SM-410,Gold,155,61.9,Yes,Closed
T11294,P3,Dec,HP-110,Standard,204,37.1,Yes,Closed
T11295,P4,Sep,TL-310,Standard,454,33.3,Yes,Closed
T11296,P1,Jul,FC-310,Platinum,13,3.2,Yes,Closed
T11297,P2,May,SM-310,Platinum,22,4.5,Yes,Closed
T11298,P3,Jun,HP-310,Gold,79,37.0,Yes,Closed
T11299,P4,Aug,HP-310,Standard,320,77.6,Yes,Closed
T11300,P2,Jul,TL-310,Standard,51,5.2,Yes,Closed
T11301,P4,Jun,HP-410,Gold,413,29.3,Yes,Closed
T11302,P2,Dec,HP-110,Standard,18,2.8,Yes,Closed
T11303,P4,Jun,HP-220,Gold,322,51.5,Yes,Closed
T11304,P2,Apr,VX-120,Gold,11,2.5,Yes,Closed
T11305,P2,Jun,VX-410,Standard,41,2.5,Yes,Closed
T11306,P3,Aug,SM-310,Standard,112,32.3,Yes,Closed
T11307,P1,Mar,SM-110,Platinum,9,3.8,Yes,Closed
T11308,P2,May,HP-410,Platinum,84,3.6,No,Closed
T11309,P4,Mar,SM-120,Gold,182,45.1,Yes,Closed
T11310,P3,Apr,SM-110,Platinum,177,20.5,Yes,Closed
T11311,P3,Sep,FC-410,Gold,50,75.8,No,Closed
T11312,P2,Nov,HP-310,Standard,38,1.8,Yes,Closed
T11313,P3,Jun,VX-220,Standard,50,15.7,Yes,Closed
T11314,P3,Nov,FC-220,Standard,92,46.1,Yes,Closed
T11315,P4,Sep,FC-310,Standard,324,155.3,Yes,Closed
T11316,P3,Oct,FC-220,Gold,55,60.4,Yes,Closed
T11317,P3,Apr,FC-410,Standard,43,62.1,Yes,Closed
T11318,P4,Jan,HP-310,Standard,129,153.5,Yes,Closed
T11319,P3,Sep,FC-210,Standard,133,9.9,Yes,Closed
T11320,P3,Jan,TL-410,Standard,184,57.9,Yes,Closed
T11321,P4,Oct,SM-410,Standard,281,48.3,Yes,Closed
T11322,P2,Jul,TL-220,Standard,47,1.7,Yes,Closed
T11323,P2,Nov,TL-210,Gold,20,3.0,Yes,Closed
T11324,P2,Dec,FC-210,Gold,50,0.9,Yes,Closed
T11325,P3,May,TL-220,Standard,341,45.7,No,Closed
T11326,P2,Aug,TL-220,Platinum,15,2.9,Yes,Closed
T11327,P3,Mar,FC-310,Gold,359,12.6,No,Closed
T11328,P2,Apr,TL-110,Platinum,12,1.2,Yes,Closed
T11329,P4,Sep,HP-210,Standard,245,131.5,Yes,Closed
T11330,P2,Nov,TL-310,Standard,42,6.2,Yes,Closed
T11331,P4,Sep,TL-410,Platinum,74,64.1,Yes,Closed
T11332,P2,Aug,VX-220,Gold,73,5.3,No,Closed
T11333,P2,Nov,TL-210,Gold,68,4.6,No,Closed
T11334,P1,Jun,SM-110,Standard,6,1.7,Yes,Closed
T11335,P4,Apr,FC-410,Gold,232,76.2,Yes,Closed
T11336,P3,Apr,VX-110,Standard,213,14.3,Yes,Closed
T11337,P2,Dec,SM-120,Gold,57,1.6,Yes,Closed
T11338,P3,Nov,FC-210,Standard,135,90.7,No,Closed
T11339,P2,Jun,TL-120,Standard,42,7.1,Yes,Closed
T11340,P1,May,TL-110,Standard,5,0.9,Yes,Closed
T11341,P1,Feb,FC-410,Standard,3,2.1,Yes,Closed
T11342,P2,Aug,TL-220,Standard,46,6.9,Yes,Closed
T11343,P3,Jul,VX-310,Standard,168,28.5,Yes,Closed
T11344,P2,Aug,TL-310,Gold,15,5.2,Yes,Closed
T11345,P4,Jul,FC-410,Platinum,163,53.9,Yes,Closed
T11346,P3,Sep,HP-120,Gold,312,35.0,No,Closed
T11347,P3,Jun,SM-110,Standard,126,30.5,Yes,Closed
T11348,P4,Aug,TL-120,Standard,449,57.3,Yes,Closed
T11349,P4,Dec,VX-310,Standard,248,93.7,Yes,Closed
T11350,P3,Apr,TL-310,Platinum,124,66.4,Yes,Closed
T11351,P2,Jul,HP-410,Gold,101,2.3,No,Closed
T11352,P2,Feb,VX-310,Gold,56,6.8,Yes,Closed
T11353,P4,Apr,TL-310,Gold,206,71.8,Yes,Closed
T11354,P4,Aug,FC-410,Standard,366,76.1,Yes,Closed
T11355,P3,Apr,VX-120,Gold,211,8.1,Yes,Closed
T11356,P2,May,HP-220,Standard,46,1.6,Yes,Closed
T11357,P3,Feb,HP-120,Platinum,343,41.2,No,Closed
T11358,P1,Mar,HP-210,Gold,14,3.0,Yes,Closed
T11359,P1,Mar,SM-120,Standard,9,1.6,Yes,Closed
T11360,P2,Sep,FC-220,Standard,43,4.3,Yes,Closed
T11361,P2,Aug,HP-210,Gold,41,6.0,Yes,Closed
T11362,P2,Aug,VX-410,Standard,48,0.9,Yes,Closed
T11363,P1,Oct,HP-410,Gold,7,2.5,Yes,Closed
T11364,P4,Oct,SM-220,Gold,270,257.5,No,Closed
T11365,P3,Jul,TL-210,Standard,159,50.0,Yes,Closed
T11366,P1,Dec,TL-210,Gold,13,2.3,Yes,Closed
T11367,P2,Oct,TL-210,Platinum,18,4.2,Yes,Closed
T11368,P3,Jul,TL-410,Standard,206,42.5,Yes,Closed
T11369,P2,Jun,HP-220,Gold,45,6.4,Yes,Closed
T11370,P3,Apr,TL-410,Gold,69,63.8,Yes,Closed
T11371,P3,Jun,HP-410,Gold,421,54.2,No,Closed
T11372,P3,Nov,TL-110,Standard,203,54.3,Yes,Closed
T11373,P4,Jul,HP-410,Standard,363,88.2,Yes,Closed
T11374,P3,Feb,SM-310,Standard,156,65.4,Yes,Closed
T11375,P3,Jul,VX-210,Gold,133,49.6,Yes,Closed
T11376,P4,Jan,VX-410,Standard,264,81.7,Yes,Closed
T11377,P3,Dec,SM-310,Standard,149,52.7,Yes,Closed
T11378,P3,Aug,FC-410,Platinum,146,62.0,Yes,Closed
T11379,P1,Oct,HP-310,Standard,10,1.1,Yes,Closed
T11380,P4,Dec,VX-120,Platinum,239,83.9,Yes,Closed
T11381,P4,Mar,FC-310,Standard,407,92.9,Yes,Closed
T11382,P4,Aug,TL-410,Gold,85,157.8,Yes,Closed
T11383,P4,Jan,FC-110,Standard,338,49.2,Yes,Closed
T11384,P3,Sep,FC-410,Gold,215,26.0,Yes,Closed
T11385,P3,Sep,VX-310,Standard,295,52.0,No,Closed
T11386,P2,Nov,SM-110,Standard,37,1.6,Yes,Closed
T11387,P4,Sep,FC-110,Standard,388,83.1,Yes,Closed
T11388,P3,Feb,SM-210,Standard,141,15.0,Yes,Closed
T11389,P4,Mar,VX-120,Standard,704,137.2,No,Closed
T11390,P3,Feb,VX-220,Gold,68,25.8,Yes,Closed
T11391,P2,Aug,HP-210,Platinum,12,12.2,No,Closed
T11392,P2,Jan,SM-110,Standard,29,5.3,Yes,Closed
T11393,P4,May,TL-110,Standard,287,40.3,Yes,Closed
T11394,P2,Dec,TL-310,Standard,77,3.6,No,Closed
T11395,P3,Jun,VX-110,Gold,381,11.1,No,Closed
T11396,P2,Jul,TL-210,Standard,14,4.5,Yes,Closed
T11397,P3,Feb,HP-220,Standard,272,53.3,No,Closed
T11398,P2,Feb,HP-110,Standard,11,5.0,Yes,Closed
T11399,P2,Oct,SM-210,Standard,47,6.1,Yes,Closed
T11400,P4,Dec,SM-110,Standard,239,60.1,Yes,Closed
T11401,P2,Sep,HP-310,Gold,22,5.3,Yes,Closed
T11402,P4,Oct,SM-220,Standard,86,66.9,Yes,Closed
T11403,P3,Aug,VX-220,Platinum,136,48.6,Yes,Closed
T11404,P4,Mar,FC-310,Standard,248,32.3,Yes,Closed
T11405,P3,Dec,SM-310,Platinum,76,52.8,Yes,Closed
T11406,P3,Nov,VX-210,Standard,125,9.4,Yes,Closed
T11407,P1,Jun,TL-120,Platinum,13,2.0,Yes,Closed
T11408,P2,May,TL-120,Gold,39,4.5,Yes,Closed
T11409,P4,Oct,SM-110,Gold,254,77.4,Yes,Closed
T11410,P3,Jan,FC-210,Standard,120,39.1,Yes,Closed
T11411,P1,Aug,FC-310,Standard,10,3.1,Yes,Closed
T11412,P3,Sep,TL-310,Platinum,48,12.1,Yes,Closed
T11413,P2,May,TL-410,Standard,37,4.0,Yes,Closed
T11414,P4,Feb,FC-110,Platinum,451,120.7,Yes,Closed
T11415,P4,Apr,FC-220,Standard,183,33.0,Yes,Closed
T11416,P3,Oct,TL-220,Gold,167,66.9,Yes,Closed
T11417,P2,Oct,TL-210,Standard,50,6.6,Yes,Closed
T11418,P3,Jan,FC-110,Standard,219,13.8,Yes,Closed
T11419,P3,Apr,TL-410,Platinum,145,9.9,Yes,Closed
T11420,P1,Jul,TL-110,Gold,12,0.6,Yes,Closed
T11421,P4,Apr,HP-220,Gold,194,76.9,Yes,Closed
T11422,P4,Feb,TL-210,Standard,191,77.5,Yes,Closed
T11423,P3,Dec,FC-220,Standard,83,57.8,Yes,Closed
T11424,P3,Apr,VX-310,Standard,165,41.7,Yes,Closed
T11425,P3,Mar,HP-220,Standard,41,68.4,Yes,Closed
T11426,P1,Jan,FC-210,Standard,14,1.7,Yes,Closed
T11427,P4,May,SM-410,Gold,297,127.0,Yes,Closed
T11428,P4,Dec,VX-120,Gold,258,112.5,Yes,Closed
T11429,P3,Sep,TL-210,Gold,192,63.9,Yes,Closed
T11430,P4,Jul,SM-410,Gold,165,204.3,No,Closed
T11431,P3,Mar,TL-310,Standard,146,37.2,Yes,Closed
T11432,P3,Jun,FC-410,Standard,196,36.8,Yes,Closed
T11433,P3,Apr,TL-120,Gold,118,37.9,Yes,Closed
T11434,P3,Jan,FC-110,Standard,134,52.4,Yes,Closed
T11435,P3,Jul,VX-120,Platinum,93,21.0,Yes,Closed
T11436,P3,Sep,HP-310,Standard,159,55.6,Yes,Closed
T11437,P4,Dec,SM-310,Gold,288,121.7,Yes,Closed
T11438,P4,Oct,HP-120,Standard,328,127.3,Yes,Closed
T11439,P3,Jun,TL-410,Gold,364,50.3,No,Closed
T11440,P3,Dec,FC-310,Gold,94,60.0,Yes,Closed
T11441,P1,May,SM-210,Standard,4,4.3,No,Closed
T11442,P2,Dec,HP-110,Standard,44,3.1,Yes,Closed
T11443,P3,Sep,TL-220,Standard,64,48.2,Yes,Closed
T11444,P4,Dec,SM-210,Standard,595,90.4,No,Closed
T11445,P3,Mar,TL-110,Standard,116,12.4,Yes,Closed
T11446,P3,Dec,HP-310,Standard,181,60.8,Yes,Closed
T11447,P4,Jul,TL-110,Gold,312,140.6,Yes,Closed
T11448,P4,Sep,VX-210,Standard,138,148.4,Yes,Closed
T11449,P4,Feb,TL-410,Standard,273,147.9,Yes,Closed
T11450,P3,Dec,TL-110,Gold,337,42.7,No,Closed
T11451,P2,Jan,SM-410,Standard,13,2.6,Yes,Closed
T11452,P3,Jul,TL-220,Gold,398,52.8,No,Closed
T11453,P1,Nov,VX-310,Standard,17,0.8,No,Closed
T11454,P3,Dec,FC-110,Standard,77,66.5,Yes,Closed
T11455,P1,Feb,VX-110,Platinum,10,2.9,Yes,Closed
T11456,P3,Dec,HP-210,Gold,221,23.3,Yes,Closed
T11457,P2,Mar,FC-310,Standard,13,6.6,Yes,Closed
T11458,P2,Jan,SM-220,Standard,12,6.8,Yes,Closed
T11459,P4,Apr,HP-120,Standard,274,21.1,Yes,Closed
T11460,P4,Jul,VX-110,Standard,806,29.7,No,Closed
T11461,P4,Sep,FC-120,Standard,167,126.0,Yes,Closed
T11462,P2,Jul,VX-110,Standard,51,5.7,Yes,Closed
T11463,P4,Dec,HP-210,Standard,392,149.9,Yes,Closed
T11464,P2,Dec,TL-410,Gold,102,11.6,No,Closed
T11465,P4,Jan,FC-120,Standard,319,52.7,Yes,Closed
T11466,P2,Oct,VX-110,Standard,37,4.3,Yes,Closed
T11467,P2,Jan,FC-120,Standard,45,6.7,Yes,Closed
T11468,P2,Jul,FC-410,Standard,40,2.4,Yes,Closed
T11469,P3,Apr,SM-120,Standard,255,42.9,No,Closed
T11470,P3,Jul,SM-110,Standard,89,22.2,Yes,Closed
T11471,P2,Oct,SM-110,Platinum,56,2.2,Yes,Closed
T11472,P3,Apr,TL-310,Standard,192,55.7,Yes,Closed
T11473,P2,Nov,FC-110,Gold,30,5.1,Yes,Closed
T11474,P3,Feb,SM-220,Standard,296,21.8,No,Closed
T11475,P4,Jan,HP-110,Standard,416,112.9,Yes,Closed
T11476,P4,Oct,TL-110,Platinum,194,262.8,No,Closed
T11477,P4,Nov,VX-210,Standard,239,44.3,Yes,Closed
T11478,P3,Apr,TL-220,Platinum,44,27.9,Yes,Closed
T11479,P2,Jun,HP-410,Platinum,19,7.2,Yes,Closed
T11480,P4,Jan,VX-410,Gold,762,90.5,No,Closed
T11481,P2,Apr,VX-120,Platinum,12,10.9,No,Closed
T11482,P4,Mar,SM-210,Platinum,295,49.6,Yes,Closed
T11483,P2,May,HP-110,Standard,17,1.5,Yes,Closed
T11484,P3,Aug,SM-210,Standard,131,55.7,Yes,Closed
T11485,P2,Mar,SM-220,Standard,49,1.6,Yes,Closed
T11486,P1,Feb,FC-120,Gold,10,1.5,Yes,Closed
T11487,P2,Feb,SM-310,Standard,106,2.7,No,Closed
T11488,P1,Mar,VX-310,Gold,11,3.4,Yes,Closed
T11489,P3,Mar,FC-220,Platinum,47,15.6,Yes,Closed
T11490,P3,Apr,SM-310,Platinum,56,31.3,Yes,Closed
T11491,P3,Oct,SM-220,Standard,129,17.5,Yes,Closed
T11492,P1,Feb,FC-220,Standard,10,2.5,Yes,Closed
T11493,P3,Jan,SM-110,Standard,136,13.6,Yes,Closed
T11494,P3,Jan,HP-120,Platinum,80,50.7,Yes,Closed
T11495,P3,Feb,VX-220,Platinum,103,19.5,Yes,Closed
T11496,P1,Apr,FC-310,Platinum,13,1.3,Yes,Closed
T11497,P2,Aug,TL-210,Standard,50,2.8,Yes,Closed
T11498,P3,Sep,SM-210,Platinum,96,31.7,Yes,Closed
T11499,P2,Jul,HP-220,Standard,37,2.3,Yes,Closed
T11500,P3,May,VX-210,Standard,191,45.7,Yes,Closed
T11501,P2,Nov,VX-220,Gold,17,12.5,No,Closed
T11502,P2,Jun,VX-310,Standard,54,6.2,Yes,Closed
T11503,P4,Mar,HP-120,Standard,263,102.7,Yes,Closed
T11504,P3,Oct,FC-410,Standard,152,24.5,Yes,Closed
T11505,P3,May,FC-110,Platinum,115,44.6,Yes,Closed
T11506,P2,Jul,VX-210,Standard,25,6.0,Yes,Closed
T11507,P3,Jun,FC-110,Gold,62,40.5,Yes,Closed
T11508,P3,Jan,VX-110,Standard,209,54.6,Yes,Closed
T11509,P2,Apr,HP-120,Platinum,33,4.4,Yes,Closed
T11510,P3,Feb,TL-210,Gold,189,34.1,Yes,Closed
T11511,P1,Aug,VX-110,Gold,11,3.7,Yes,Closed
T11512,P1,Aug,HP-110,Standard,8,3.2,Yes,Closed
T11513,P3,Aug,FC-410,Standard,169,23.9,Yes,Closed
T11514,P2,Feb,TL-120,Gold,28,5.3,Yes,Closed
T11515,P2,Sep,SM-110,Standard,45,2.5,Yes,Closed
T11516,P4,May,HP-220,Standard,246,131.8,Yes,Closed
T11517,P3,Aug,FC-310,Standard,210,32.7,Yes,Closed
T11518,P3,Feb,SM-310,Standard,219,34.7,Yes,Closed
T11519,P3,Dec,TL-120,Standard,88,12.3,Yes,Closed
T11520,P4,Jun,HP-410,Standard,336,76.6,Yes,Closed
T11521,P4,Nov,HP-110,Standard,137,113.5,Yes,Closed
T11522,P2,Nov,HP-210,Standard,105,4.7,No,Closed
T11523,P1,Oct,SM-410,Standard,8,0.5,Yes,Closed
T11524,P2,Mar,FC-310,Standard,57,6.7,Yes,Closed
T11525,P4,Feb,FC-110,Gold,240,108.7,Yes,Closed
T11526,P3,Jun,SM-120,Standard,73,34.6,Yes,Closed
T11527,P3,Nov,VX-210,Gold,173,8.5,Yes,Closed
T11528,P3,Sep,FC-410,Standard,147,31.9,Yes,Closed
T11529,P3,Aug,VX-110,Gold,374,8.0,No,Closed
T11530,P3,Oct,HP-210,Platinum,47,64.8,Yes,Closed
T11531,P4,Jun,VX-110,Standard,183,126.3,Yes,Closed
T11532,P1,Dec,FC-120,Standard,11,5.4,No,Closed
T11533,P1,Nov,SM-410,Standard,11,1.2,Yes,Closed
T11534,P3,Jul,FC-220,Standard,166,63.2,Yes,Closed
T11535,P3,Oct,VX-220,Standard,165,33.8,Yes,Closed
T11536,P3,Nov,HP-310,Platinum,90,31.4,Yes,Closed
T11537,P3,Jan,FC-120,Platinum,75,46.3,Yes,Closed
T11538,P3,May,TL-220,Gold,77,56.5,Yes,Closed
T11539,P4,Apr,FC-310,Gold,395,144.7,Yes,Closed
T11540,P3,Jun,TL-120,Gold,45,36.6,Yes,Closed
T11541,P1,Jun,VX-410,Standard,11,3.8,Yes,Closed
T11542,P2,Jul,TL-410,Gold,31,3.2,Yes,Closed
T11543,P4,Aug,SM-310,Standard,336,23.5,Yes,Closed
T11544,P3,May,VX-410,Gold,61,59.2,Yes,Closed
T11545,P4,Oct,SM-110,Standard,349,49.2,Yes,Closed
T11546,P2,Jul,SM-220,Standard,44,6.4,Yes,Closed
T11547,P3,Jun,SM-410,Standard,47,83.0,No,Closed
T11548,P1,Oct,FC-210,Gold,11,2.7,Yes,Closed
T11549,P3,Dec,TL-210,Standard,37,62.3,Yes,Closed
T11550,P3,Jan,HP-110,Standard,422,39.1,No,Closed
T11551,P2,Jun,SM-120,Standard,78,3.8,No,Closed
T11552,P1,Feb,TL-210,Gold,4,2.8,Yes,Closed
T11553,P2,Sep,FC-310,Gold,22,7.0,Yes,Closed
T11554,P4,Nov,SM-220,Gold,249,47.4,Yes,Closed
T11555,P3,Dec,VX-120,Gold,65,44.2,Yes,Closed
T11556,P3,Feb,TL-410,Standard,199,59.5,Yes,Closed
T11557,P2,May,TL-220,Gold,12,3.6,Yes,Closed
T11558,P4,May,TL-220,Gold,215,147.6,Yes,Closed
T11559,P4,Feb,VX-410,Standard,290,83.8,Yes,Closed
T11560,P3,Dec,HP-120,Gold,74,37.9,Yes,Closed
T11561,P4,Oct,TL-310,Standard,627,154.2,No,Closed
T11562,P3,Jun,VX-210,Gold,62,92.0,No,Closed
T11563,P2,Jan,FC-310,Gold,49,4.4,Yes,Closed
T11564,P2,Feb,VX-120,Standard,20,2.9,Yes,Closed
T11565,P3,Aug,SM-410,Standard,318,8.4,No,Closed
T11566,P4,Jul,VX-110,Standard,180,153.6,Yes,Closed
T11567,P2,Oct,VX-120,Standard,38,5.8,Yes,Closed
T11568,P4,Dec,SM-120,Standard,395,78.8,Yes,Closed
T11569,P2,Feb,VX-120,Standard,54,4.7,Yes,Closed
T11570,P4,Aug,SM-220,Gold,436,53.3,Yes,Closed
T11571,P3,Jan,VX-120,Gold,298,63.6,No,Closed
T11572,P3,Jul,TL-120,Standard,79,15.6,Yes,Closed
T11573,P3,Jul,HP-120,Standard,224,32.3,Yes,Closed
T11574,P3,May,FC-220,Standard,110,22.5,Yes,Closed
T11575,P3,Oct,SM-210,Gold,223,65.4,Yes,Closed
T11576,P2,Oct,VX-410,Gold,106,4.6,No,Closed
T11577,P3,Mar,HP-310,Gold,61,92.8,No,Closed
T11578,P2,Dec,VX-220,Standard,25,6.4,Yes,Closed
T11579,P4,Apr,VX-220,Standard,319,112.8,Yes,Closed
T11580,P3,Nov,HP-220,Platinum,107,14.7,Yes,Closed
T11581,P2,Apr,SM-410,Gold,104,12.8,No,Closed
T11582,P4,Dec,SM-310,Platinum,186,21.3,Yes,Closed
T11583,P2,Nov,FC-220,Standard,43,2.4,Yes,Closed
T11584,P4,May,SM-410,Gold,408,36.2,Yes,Closed
T11585,P4,Oct,SM-210,Platinum,111,73.9,Yes,Closed
T11586,P1,Feb,HP-110,Gold,5,1.2,Yes,Closed
T11587,P4,Jun,VX-120,Standard,345,24.1,Yes,Closed
T11588,P3,Mar,HP-110,Standard,65,9.8,Yes,Closed
T11589,P2,Aug,FC-410,Gold,95,7.4,No,Closed
T11590,P3,Aug,TL-310,Gold,211,60.5,Yes,Closed
T11591,P1,Feb,SM-310,Gold,10,3.3,Yes,Closed
T11592,P3,Aug,VX-310,Standard,85,46.7,Yes,Closed
T11593,P3,Jan,VX-120,Standard,157,19.1,Yes,Closed
T11594,P4,Oct,HP-120,Gold,212,104.6,Yes,Closed
T11595,P3,Jun,SM-110,Standard,70,57.2,Yes,Closed
T11596,P3,Aug,HP-220,Standard,224,67.9,Yes,Closed
T11597,P1,Mar,VX-310,Gold,14,0.5,Yes,Closed
T11598,P2,Sep,TL-220,Platinum,28,5.1,Yes,Closed
T11599,P3,Feb,SM-310,Gold,198,21.2,Yes,Closed
T11600,P3,May,SM-120,Standard,74,60.1,Yes,Closed
T11601,P3,Sep,SM-110,Standard,101,14.7,Yes,Closed
T11602,P2,Mar,SM-120,Standard,16,1.6,Yes,Closed
T11603,P2,Sep,TL-310,Platinum,20,8.6,No,Closed
T11604,P3,Sep,FC-220,Standard,93,24.3,Yes,Closed
T11605,P2,Apr,TL-410,Standard,29,6.0,Yes,Closed
T11606,P4,Mar,HP-220,Standard,406,61.2,Yes,Closed
T11607,P4,Jun,FC-220,Gold,712,143.1,No,Closed
T11608,P3,Dec,TL-310,Gold,160,62.4,Yes,Closed
T11609,P2,Mar,SM-220,Standard,40,3.8,Yes,Closed
T11610,P4,Jan,VX-120,Gold,214,64.3,Yes,Closed
T11611,P2,Nov,HP-220,Standard,57,6.7,Yes,Closed
T11612,P2,Sep,SM-110,Standard,33,5.9,Yes,Closed
T11613,P4,Jun,HP-310,Gold,273,137.1,Yes,Closed
T11614,P4,Apr,SM-120,Gold,128,29.5,Yes,Closed
T11615,P3,Oct,HP-220,Gold,159,89.9,No,Closed
T11616,P2,Nov,HP-210,Standard,19,1.0,Yes,Closed
T11617,P3,Apr,FC-120,Gold,89,18.9,Yes,Closed
T11618,P3,Jun,SM-110,Standard,388,9.1,No,Closed
T11619,P1,Jul,HP-220,Gold,14,2.9,Yes,Closed
T11620,P2,Feb,SM-310,Standard,17,10.9,No,Closed
T11621,P4,Feb,VX-220,Gold,169,83.4,Yes,Closed
T11622,P4,Sep,VX-220,Platinum,368,62.6,Yes,Closed
T11623,P2,Oct,FC-410,Standard,32,3.1,Yes,Closed
T11624,P2,Jan,SM-410,Gold,54,4.1,Yes,Closed
T11625,P4,Dec,HP-410,Gold,188,33.7,Yes,Closed
T11626,P2,Aug,VX-410,Platinum,34,5.2,Yes,Closed
T11627,P3,Feb,VX-210,Gold,172,14.4,Yes,Closed
T11628,P3,Jul,TL-120,Standard,86,23.6,Yes,Closed
T11629,P2,Jan,TL-410,Platinum,13,2.7,Yes,Closed
T11630,P4,Jan,TL-220,Standard,276,60.6,Yes,Closed
T11631,P4,Mar,FC-110,Gold,73,150.7,Yes,Closed
T11632,P2,May,FC-220,Gold,35,1.8,Yes,Closed
T11633,P3,Mar,SM-310,Gold,43,105.6,No,Closed
T11634,P4,Aug,FC-220,Standard,376,73.9,Yes,Closed
T11635,P3,Aug,SM-410,Standard,59,104.4,No,Closed
T11636,P4,Oct,FC-410,Gold,192,75.9,Yes,Closed
T11637,P3,Oct,HP-120,Platinum,110,57.9,Yes,Closed
T11638,P3,Mar,VX-410,Standard,317,30.6,No,Closed
T11639,P4,Aug,SM-210,Standard,90,66.5,Yes,Closed
T11640,P3,Aug,VX-410,Standard,184,53.3,Yes,Closed
T11641,P2,Nov,TL-110,Standard,22,2.7,Yes,Closed
T11642,P3,Jul,VX-110,Standard,38,65.6,Yes,Closed
T11643,P3,Apr,SM-220,Standard,194,49.6,Yes,Closed
T11644,P2,Jan,HP-110,Gold,54,5.4,Yes,Closed
T11645,P3,Mar,VX-110,Gold,86,57.6,Yes,Closed
T11646,P4,Mar,SM-210,Standard,224,94.4,Yes,Closed
T11647,P4,Nov,FC-110,Platinum,400,124.5,Yes,Closed
T11648,P3,Jul,TL-110,Gold,185,52.5,Yes,Closed
T11649,P2,Feb,HP-310,Gold,30,3.8,Yes,Closed
T11650,P2,Jun,HP-220,Platinum,34,7.2,Yes,Closed
T11651,P3,Apr,SM-220,Gold,183,29.5,Yes,Closed
T11652,P3,Oct,HP-310,Platinum,129,14.4,Yes,Closed
T11653,P2,Nov,HP-410,Gold,12,4.5,Yes,Closed
T11654,P3,Jul,HP-110,Gold,131,18.2,Yes,Closed
T11655,P3,Feb,HP-220,Standard,90,54.7,Yes,Closed
T11656,P2,May,VX-110,Gold,30,4.9,Yes,Closed
T11657,P3,Feb,SM-110,Platinum,46,108.8,No,Closed
T11658,P4,Jun,SM-210,Standard,277,103.7,Yes,Closed
T11659,P2,Nov,TL-110,Standard,44,5.2,Yes,Closed
T11660,P4,May,TL-120,Standard,223,71.6,Yes,Closed
T11661,P2,Nov,VX-110,Standard,13,6.0,Yes,Closed
T11662,P4,Dec,SM-210,Gold,453,99.0,Yes,Closed
T11663,P3,Apr,VX-410,Standard,273,47.2,No,Closed
T11664,P2,Jun,VX-220,Standard,41,1.1,Yes,Closed
T11665,P4,Jun,TL-220,Standard,275,56.5,Yes,Closed
T11666,P2,Apr,SM-220,Platinum,56,1.7,Yes,Closed
T11667,P3,Jul,FC-310,Gold,181,38.5,Yes,Closed
T11668,P3,Nov,TL-310,Gold,77,50.0,Yes,Closed
T11669,P2,Jun,VX-410,Standard,36,9.6,No,Closed
T11670,P4,Jan,SM-110,Standard,304,84.9,Yes,Closed
T11671,P3,Sep,FC-220,Platinum,73,109.9,No,Closed
T11672,P3,Jul,SM-110,Standard,101,62.4,Yes,Closed
T11673,P2,Apr,FC-110,Platinum,43,9.5,No,Closed
T11674,P3,Apr,FC-410,Standard,276,31.0,No,Closed
T11675,P2,Jun,HP-210,Gold,28,3.0,Yes,Closed
T11676,P4,Dec,HP-410,Standard,176,45.1,Yes,Closed
T11677,P2,Feb,HP-120,Platinum,16,6.0,Yes,Closed
T11678,P2,Feb,FC-410,Standard,12,6.8,Yes,Closed
T11679,P3,Jul,FC-220,Standard,54,53.7,Yes,Closed
T11680,P1,Oct,TL-310,Standard,12,2.5,Yes,Closed
T11681,P2,Sep,HP-210,Standard,16,5.2,Yes,Closed
T11682,P1,Jul,SM-220,Gold,12,0.5,Yes,Closed
T11683,P3,Jul,FC-220,Gold,45,66.6,Yes,Closed
T11684,P3,Mar,HP-220,Gold,49,28.0,Yes,Closed
T11685,P2,Mar,FC-410,Gold,33,7.3,Yes,Closed
T11686,P1,Jan,TL-120,Standard,9,3.6,Yes,Closed
T11687,P3,Dec,VX-410,Gold,160,24.0,Yes,Closed
T11688,P2,Mar,TL-410,Platinum,21,4.5,Yes,Closed
T11689,P4,Jul,TL-210,Platinum,335,45.8,Yes,Closed
T11690,P3,Jun,VX-210,Standard,133,48.0,Yes,Closed
T11691,P3,Nov,VX-110,Platinum,54,22.5,Yes,Closed
T11692,P3,Apr,TL-110,Platinum,103,37.4,Yes,Closed
T11693,P3,Mar,FC-220,Standard,166,53.6,Yes,Closed
T11694,P2,Oct,HP-110,Gold,56,4.8,Yes,Closed
T11695,P3,Mar,FC-220,Standard,281,35.5,No,Closed
T11696,P2,Feb,TL-210,Gold,49,12.8,No,Closed
T11697,P2,Dec,SM-410,Platinum,16,1.1,Yes,Closed
T11698,P4,Jul,SM-410,Gold,81,206.3,No,Closed
T11699,P1,Apr,TL-310,Standard,11,4.8,No,Closed
T11700,P3,Mar,TL-220,Standard,194,40.0,Yes,Closed
T11701,P4,Aug,FC-110,Platinum,247,85.5,Yes,Closed
T11702,P3,Jul,TL-210,Gold,212,46.1,Yes,Closed
T11703,P3,Jun,SM-220,Platinum,211,57.8,Yes,Closed
T11704,P2,Apr,FC-120,Platinum,25,2.6,Yes,Closed
T11705,P3,Sep,HP-310,Standard,174,47.0,Yes,Closed
T11706,P3,Feb,HP-210,Standard,137,61.5,Yes,Closed
T11707,P3,May,VX-120,Standard,424,49.0,No,Closed
T11708,P3,Nov,HP-410,Gold,115,55.3,Yes,Closed
T11709,P4,Nov,SM-120,Standard,213,115.0,Yes,Closed
T11710,P3,Mar,HP-120,Gold,188,56.7,Yes,Closed
T11711,P3,Aug,HP-120,Gold,79,28.3,Yes,Closed
T11712,P1,May,FC-110,Platinum,10,2.4,Yes,Closed
T11713,P1,Apr,SM-120,Gold,13,3.4,Yes,Closed
T11714,P3,Jun,VX-120,Standard,160,68.4,Yes,Closed
T11715,P1,May,HP-210,Gold,11,3.2,Yes,Closed
T11716,P1,Jan,VX-220,Platinum,5,2.5,Yes,Closed
T11717,P4,Apr,TL-310,Standard,249,85.7,Yes,Closed
T11718,P2,May,SM-410,Standard,56,3.9,Yes,Closed
T11719,P4,Sep,SM-120,Standard,303,61.4,Yes,Closed
T11720,P4,Oct,VX-110,Standard,169,18.2,Yes,Closed
T11721,P3,Apr,TL-310,Standard,43,29.7,Yes,Closed
T11722,P2,Oct,HP-120,Standard,43,4.9,Yes,Closed
T11723,P3,Mar,FC-210,Gold,104,60.3,Yes,Closed
T11724,P1,Oct,HP-110,Gold,14,2.7,Yes,Closed
T11725,P2,Oct,HP-110,Standard,57,1.9,Yes,Closed
T11726,P4,Jan,TL-410,Standard,211,138.7,Yes,Closed
T11727,P2,May,VX-120,Standard,26,2.1,Yes,Closed
T11728,P3,Feb,FC-410,Standard,132,38.9,Yes,Closed
T11729,P2,Apr,HP-410,Gold,12,5.3,Yes,Closed
T11730,P4,Sep,VX-110,Platinum,119,127.4,Yes,Closed
T11731,P4,Sep,TL-310,Platinum,762,81.5,No,Closed
T11732,P4,Dec,HP-120,Gold,350,21.2,Yes,Closed
T11733,P2,Sep,FC-220,Platinum,27,4.6,Yes,Closed
T11734,P3,Oct,SM-310,Standard,340,44.4,No,Closed
T11735,P3,Jul,TL-220,Standard,105,62.6,Yes,Closed
T11736,P1,Sep,HP-110,Gold,9,1.2,Yes,Closed
T11737,P4,Feb,FC-310,Standard,415,82.5,Yes,Closed
T11738,P3,Apr,TL-220,Gold,91,64.3,Yes,Closed
T11739,P4,Mar,FC-210,Gold,362,99.2,Yes,Closed
T11740,P2,Oct,HP-220,Standard,14,1.2,Yes,Closed
T11741,P3,Apr,FC-120,Standard,140,57.9,Yes,Closed
T11742,P2,Aug,HP-110,Platinum,47,5.3,Yes,Closed
T11743,P2,Aug,HP-210,Standard,43,2.6,Yes,Closed
T11744,P1,Jul,SM-110,Gold,10,2.6,Yes,Closed
T11745,P1,Mar,VX-220,Standard,3,5.7,No,Closed
T11746,P3,Apr,SM-220,Gold,178,61.9,Yes,Closed
T11747,P1,Jun,SM-120,Standard,4,2.0,Yes,Closed
T11748,P2,Jun,HP-410,Standard,15,5.2,Yes,Closed
T11749,P3,Jan,FC-220,Standard,98,56.5,Yes,Closed
T11750,P3,Nov,VX-110,Standard,172,28.0,Yes,Closed
T11751,P3,Jul,HP-220,Gold,131,50.1,Yes,Closed
T11752,P2,Feb,HP-310,Platinum,31,4.7,Yes,Closed
T11753,P1,Nov,FC-110,Platinum,11,2.1,Yes,Closed
T11754,P4,Apr,SM-220,Gold,308,41.4,Yes,Closed
T11755,P3,Nov,HP-120,Gold,226,84.9,No,Closed
T11756,P2,Jun,FC-120,Gold,50,6.9,Yes,Closed
T11757,P4,Aug,SM-110,Standard,275,248.7,No,Closed
T11758,P1,Dec,SM-110,Standard,5,1.9,Yes,Closed
T11759,P3,Jan,FC-410,Standard,161,60.5,Yes,Closed
T11760,P3,Apr,HP-220,Standard,150,13.1,Yes,Closed
T11761,P4,Feb,FC-410,Standard,749,95.5,No,Closed
T11762,P4,Oct,TL-110,Platinum,248,250.9,No,Closed
T11763,P1,Sep,HP-220,Platinum,6,2.6,Yes,Closed
T11764,P3,Apr,TL-110,Gold,200,8.0,Yes,Closed
T11765,P4,Dec,VX-210,Standard,267,62.0,Yes,Closed
T11766,P4,Feb,VX-310,Platinum,130,53.0,Yes,Closed
T11767,P3,Aug,TL-310,Gold,223,40.1,Yes,Closed
T11768,P2,Dec,TL-220,Gold,32,6.5,Yes,Closed
T11769,P2,Jan,FC-110,Gold,38,6.7,Yes,Closed
T11770,P3,Sep,VX-110,Platinum,150,42.9,Yes,Closed
T11771,P2,Aug,SM-110,Gold,48,11.3,No,Closed
T11772,P2,Aug,FC-210,Platinum,55,2.7,Yes,Closed
T11773,P3,Sep,SM-120,Standard,110,57.5,Yes,Closed
T11774,P4,Dec,FC-410,Standard,395,60.6,Yes,Closed
T11775,P2,Sep,SM-120,Platinum,35,1.9,Yes,Closed
T11776,P2,Apr,VX-310,Standard,18,6.8,Yes,Closed
T11777,P2,Oct,TL-210,Gold,48,1.8,Yes,Closed
T11778,P3,Jun,VX-110,Gold,279,67.2,No,Closed
T11779,P3,Jul,FC-310,Standard,154,44.9,Yes,Closed
T11780,P4,Jul,HP-120,Standard,769,69.2,No,Closed
T11781,P4,Nov,HP-410,Standard,248,140.8,Yes,Closed
T11782,P4,Mar,VX-310,Platinum,384,34.5,Yes,Closed
T11783,P1,May,HP-410,Standard,6,3.2,Yes,Closed
T11784,P2,Feb,SM-220,Platinum,21,2.5,Yes,Closed
T11785,P4,Mar,TL-110,Standard,428,158.9,Yes,Closed
T11786,P3,Aug,SM-220,Standard,72,46.8,Yes,Closed
T11787,P4,Jun,VX-120,Platinum,754,159.3,No,Closed
T11788,P3,Jul,FC-120,Gold,148,36.7,Yes,Closed
T11789,P2,Nov,FC-120,Standard,55,4.4,Yes,Closed
T11790,P2,Aug,SM-220,Platinum,32,2.8,Yes,Closed
T11791,P3,Nov,FC-120,Platinum,134,48.0,Yes,Closed
T11792,P4,Apr,TL-110,Standard,385,79.7,Yes,Closed
T11793,P4,May,FC-220,Gold,86,102.2,Yes,Closed
T11794,P3,Mar,SM-310,Platinum,72,39.5,Yes,Closed
T11795,P2,Aug,SM-220,Standard,12,3.1,Yes,Closed
T11796,P2,Feb,HP-220,Platinum,25,0.9,Yes,Closed
T11797,P3,Mar,SM-410,Standard,161,35.5,Yes,Closed
T11798,P3,Jan,HP-410,Gold,206,20.7,Yes,Closed
T11799,P2,Dec,VX-120,Standard,26,1.5,Yes,Closed
T11800,P3,Feb,TL-410,Gold,148,58.8,Yes,Closed
T11801,P3,Nov,SM-110,Platinum,93,48.4,Yes,Closed
T11802,P3,Apr,HP-120,Standard,150,48.5,Yes,Closed
T11803,P2,Jun,SM-120,Platinum,14,5.1,Yes,Closed
T11804,P4,Jul,FC-120,Gold,386,138.5,Yes,Closed
T11805,P4,Feb,HP-210,Standard,223,73.0,Yes,Closed
T11806,P3,Jan,SM-310,Standard,75,23.5,Yes,Closed
T11807,P2,Aug,SM-120,Standard,30,5.3,Yes,Closed
T11808,P4,Nov,VX-110,Standard,357,75.6,Yes,Closed
T11809,P4,Mar,VX-310,Standard,294,140.2,Yes,Closed
T11810,P2,Nov,TL-210,Standard,14,7.2,Yes,Closed
T11811,P2,Dec,SM-310,Standard,45,11.1,No,Closed
T11812,P3,Oct,HP-310,Standard,148,22.9,Yes,Closed
T11813,P2,Jun,FC-410,Standard,42,2.0,Yes,Closed
T11814,P3,Jan,SM-210,Standard,52,42.5,Yes,Closed
T11815,P3,Oct,TL-310,Gold,148,35.8,Yes,Closed
T11816,P3,Mar,VX-120,Gold,168,35.2,Yes,Closed
T11817,P1,Sep,VX-310,Standard,10,6.4,No,Closed
T11818,P3,Jan,FC-110,Standard,177,19.0,Yes,Closed
T11819,P3,Jul,SM-210,Gold,38,59.3,Yes,Closed
T11820,P4,Mar,SM-210,Gold,123,84.5,Yes,Closed
T11821,P2,May,TL-120,Standard,47,4.1,Yes,Closed
T11822,P2,Dec,FC-410,Standard,10,6.6,Yes,Closed
T11823,P3,Sep,HP-210,Gold,165,62.5,Yes,Closed
T11824,P4,Feb,VX-310,Standard,125,70.4,Yes,Closed
T11825,P4,Nov,HP-220,Standard,268,40.1,Yes,Closed
T11826,P3,Nov,TL-220,Standard,196,49.9,Yes,Closed
T11827,P1,Nov,VX-220,Gold,7,3.7,Yes,Closed
T11828,P2,Dec,TL-210,Gold,46,12.3,No,Closed
T11829,P3,Mar,TL-220,Gold,192,29.2,Yes,Closed
T11830,P1,Dec,FC-220,Gold,13,3.7,Yes,Closed
T11831,P2,May,HP-110,Gold,84,6.9,No,Closed
T11832,P4,Nov,TL-310,Gold,280,230.5,No,Closed
T11833,P2,Apr,SM-120,Gold,29,4.6,Yes,Closed
T11834,P2,Feb,TL-110,Gold,24,7.6,Yes,Closed
T11835,P2,Oct,TL-210,Gold,36,6.2,Yes,Closed
T11836,P2,Aug,TL-110,Standard,35,6.3,Yes,Closed
T11837,P3,Feb,TL-110,Gold,224,64.4,Yes,Closed
T11838,P4,Mar,FC-220,Standard,261,53.2,Yes,Closed
T11839,P3,Sep,FC-310,Standard,119,11.7,Yes,Closed
T11840,P2,May,FC-110,Standard,51,2.7,Yes,Closed
T11841,P1,Apr,SM-210,Standard,14,0.4,Yes,Closed
T11842,P2,Feb,SM-310,Standard,103,4.6,No,Closed
T11843,P4,Dec,SM-120,Gold,582,42.2,No,Closed
T11844,P2,Jan,HP-210,Platinum,22,6.2,Yes,Closed
T11845,P1,Sep,SM-410,Standard,3,2.2,Yes,Closed
T11846,P4,May,HP-410,Platinum,168,64.8,Yes,Closed
T11847,P3,Oct,HP-220,Gold,179,105.6,No,Closed
T11848,P3,Apr,FC-110,Standard,39,36.4,Yes,Closed
T11849,P4,Dec,VX-120,Standard,858,134.6,No,Closed
T11850,P4,Jun,HP-220,Standard,319,116.2,Yes,Closed
T11851,P4,Oct,VX-120,Standard,142,140.0,Yes,Closed
T11852,P3,Dec,SM-220,Standard,117,29.6,Yes,Closed
T11853,P2,Jun,VX-220,Gold,32,0.9,Yes,Closed
T11854,P3,Oct,TL-110,Platinum,98,32.7,Yes,Closed
T11855,P3,Mar,TL-110,Standard,203,29.4,Yes,Closed
T11856,P3,Dec,TL-210,Gold,149,57.2,Yes,Closed
T11857,P4,Jan,HP-110,Platinum,98,116.8,Yes,Closed
T11858,P2,Mar,TL-110,Standard,33,6.9,Yes,Closed
T11859,P3,Jun,VX-210,Gold,153,21.6,Yes,Closed
T11860,P2,Dec,FC-120,Gold,30,5.7,Yes,Closed
T11861,P3,May,VX-220,Standard,162,34.4,Yes,Closed
T11862,P2,Aug,HP-110,Gold,56,8.6,No,Closed
T11863,P3,Apr,FC-220,Standard,133,39.8,Yes,Closed
T11864,P2,Sep,TL-120,Standard,41,7.6,Yes,Closed
T11865,P3,Nov,SM-310,Standard,107,24.8,Yes,Closed
T11866,P3,May,SM-210,Platinum,199,27.8,Yes,Closed
T11867,P4,Apr,HP-210,Gold,270,118.8,Yes,Closed
T11868,P3,Aug,VX-410,Standard,325,86.3,No,Closed
T11869,P2,Feb,FC-110,Gold,52,1.9,Yes,Closed
T11870,P2,Nov,TL-210,Standard,47,6.7,Yes,Closed
T11871,P3,Dec,FC-220,Gold,120,46.4,Yes,Closed
T11872,P3,Mar,VX-120,Gold,69,31.6,Yes,Closed
T11873,P3,Aug,VX-310,Standard,221,63.9,Yes,Closed
T11874,P1,Oct,SM-110,Standard,14,0.6,Yes,Closed
T11875,P4,Nov,HP-110,Gold,126,98.8,Yes,Closed
T11876,P3,May,SM-120,Standard,312,42.2,No,Closed
T11877,P4,May,TL-310,Platinum,189,79.6,Yes,Closed
T11878,P4,Sep,VX-110,Gold,163,23.1,Yes,Closed
T11879,P1,Jan,TL-120,Standard,12,3.3,Yes,Closed
T11880,P1,Apr,VX-310,Standard,4,0.4,Yes,Closed
T11881,P4,Jan,VX-220,Gold,308,39.8,Yes,Closed
T11882,P4,Jul,VX-220,Standard,387,31.3,Yes,Closed
T11883,P4,Oct,TL-410,Standard,353,36.2,Yes,Closed
T11884,P2,Jun,SM-310,Standard,55,6.8,Yes,Closed
T11885,P3,Aug,SM-410,Gold,345,22.7,No,Closed
T11886,P1,May,VX-120,Standard,16,1.3,No,Closed
T11887,P3,Jan,HP-210,Platinum,70,38.7,Yes,Closed
T11888,P4,Jul,FC-120,Standard,212,20.5,Yes,Closed
T11889,P2,May,VX-110,Standard,25,6.3,Yes,Closed
T11890,P4,Nov,FC-210,Gold,236,112.3,Yes,Closed
T11891,P2,Aug,HP-310,Standard,34,7.1,Yes,Closed
T11892,P2,Dec,VX-110,Gold,74,2.5,No,Closed
T11893,P3,Mar,FC-110,Standard,37,43.3,Yes,Closed
T11894,P4,Jun,SM-310,Gold,242,125.1,Yes,Closed
T11895,P4,Jun,HP-110,Standard,202,45.0,Yes,Closed
T11896,P3,Sep,VX-110,Standard,218,41.1,Yes,Closed
T11897,P3,Jun,FC-110,Gold,145,87.3,No,Closed
T11898,P2,Aug,SM-410,Standard,32,6.9,Yes,Closed
T11899,P3,Feb,TL-410,Standard,431,19.3,No,Closed
T11900,P3,Jan,FC-310,Standard,48,37.7,Yes,Closed
T11901,P3,Apr,TL-220,Standard,124,37.1,Yes,Closed
T11902,P3,Jul,FC-310,Standard,115,20.9,Yes,Closed
T11903,P3,Feb,TL-110,Gold,187,33.3,Yes,Closed
T11904,P2,Nov,FC-220,Standard,9,1.8,Yes,Closed
T11905,P3,Oct,FC-110,Gold,194,16.5,Yes,Closed
T11906,P3,Jul,TL-120,Standard,178,11.1,Yes,Closed
T11907,P1,Aug,TL-210,Standard,3,5.4,No,Closed
T11908,P2,Jan,SM-410,Gold,42,5.1,Yes,Closed
T11909,P2,Nov,VX-220,Standard,35,1.8,Yes,Closed
T11910,P4,Oct,SM-110,Standard,428,146.4,Yes,Closed
T11911,P3,Jun,SM-210,Gold,193,43.5,Yes,Closed
T11912,P3,Jun,FC-210,Standard,215,53.6,Yes,Closed
T11913,P1,Apr,HP-120,Standard,4,2.0,Yes,Closed
T11914,P1,May,VX-310,Standard,7,1.7,Yes,Closed
T11915,P1,Jan,VX-310,Standard,8,2.0,Yes,Closed
T11916,P2,Aug,SM-220,Platinum,11,4.5,Yes,Closed
T11917,P3,Jul,HP-310,Standard,109,49.8,Yes,Closed
T11918,P1,Sep,HP-120,Platinum,7,1.2,Yes,Closed
T11919,P2,Feb,FC-220,Gold,18,9.9,No,Closed
T11920,P3,Aug,TL-110,Platinum,162,10.6,Yes,Closed
T11921,P3,Jul,TL-110,Standard,129,63.9,Yes,Closed
T11922,P4,Jan,TL-210,Standard,105,56.4,Yes,Closed
T11923,P1,Apr,TL-410,Gold,13,1.1,Yes,Closed
T11924,P2,Sep,FC-120,Standard,26,5.8,Yes,Closed
T11925,P2,Aug,HP-220,Standard,21,3.8,Yes,Closed
T11926,P3,Jun,TL-220,Platinum,212,66.3,Yes,Closed
T11927,P1,Mar,HP-110,Standard,6,2.2,Yes,Closed
T11928,P3,Aug,FC-220,Standard,205,63.7,Yes,Closed
T11929,P4,Aug,HP-410,Gold,419,111.4,Yes,Closed
T11930,P1,Dec,HP-410,Gold,6,2.2,Yes,Closed
T11931,P4,Mar,HP-120,Standard,340,77.7,Yes,Closed
T11932,P1,May,VX-310,Standard,6,1.3,Yes,Closed
T11933,P1,Oct,FC-110,Gold,7,0.4,Yes,Closed
T11934,P3,Mar,TL-310,Standard,104,43.8,Yes,Closed
T11935,P2,Nov,VX-110,Platinum,16,4.5,Yes,Closed
T11936,P4,Oct,VX-410,Standard,138,58.3,Yes,Closed
T11937,P3,Aug,HP-410,Standard,224,31.7,Yes,Closed
T11938,P3,Jan,FC-310,Standard,161,22.1,Yes,Closed
T11939,P2,Nov,TL-310,Platinum,10,2.9,Yes,Closed
T11940,P3,Oct,SM-120,Gold,132,47.8,Yes,Closed
T11941,P4,Oct,SM-120,Standard,325,55.5,Yes,Closed
T11942,P3,Mar,HP-210,Standard,141,26.5,Yes,Closed
T11943,P1,May,TL-220,Gold,5,1.7,Yes,Closed
T11944,P2,Aug,SM-210,Standard,48,6.4,Yes,Closed
T11945,P4,May,VX-220,Standard,147,123.2,Yes,Closed
T11946,P2,Dec,HP-120,Standard,27,1.9,Yes,Closed
T11947,P4,Mar,TL-220,Standard,407,100.0,Yes,Closed
T11948,P4,Dec,SM-410,Platinum,376,23.7,Yes,Closed
T11949,P3,May,SM-410,Standard,204,111.8,No,Closed
T11950,P4,Jul,SM-110,Platinum,389,44.1,Yes,Closed
T11951,P3,Nov,HP-210,Standard,177,17.0,Yes,Closed
T11952,P4,Oct,SM-310,Platinum,193,107.6,Yes,Closed
T11953,P1,Oct,FC-410,Standard,4,1.0,Yes,Closed
T11954,P3,Mar,FC-220,Platinum,165,58.8,Yes,Closed
T11955,P2,Nov,TL-210,Standard,41,6.0,Yes,Closed
T11956,P2,Sep,VX-410,Standard,50,4.6,Yes,Closed
T11957,P4,Mar,TL-410,Platinum,95,91.6,Yes,Closed
T11958,P4,Aug,TL-310,Standard,187,131.8,Yes,Closed
T11959,P3,Sep,TL-310,Platinum,213,37.6,Yes,Closed
T11960,P3,Aug,HP-120,Standard,140,61.8,Yes,Closed
T11961,P3,Jun,FC-410,Standard,264,10.9,No,Closed
T11962,P2,Jan,VX-410,Standard,54,5.8,Yes,Closed
T11963,P1,Dec,VX-310,Gold,6,1.5,Yes,Closed
T11964,P2,Jan,VX-110,Platinum,46,3.6,Yes,Closed
T11965,P4,Aug,FC-310,Platinum,161,97.7,Yes,Closed
T11966,P2,Aug,HP-110,Gold,46,7.2,Yes,Closed
T11967,P3,Dec,HP-220,Standard,132,29.6,Yes,Closed
T11968,P4,Oct,TL-120,Platinum,374,150.0,Yes,Closed
T11969,P3,Sep,TL-220,Standard,60,34.7,Yes,Closed
T11970,P2,Aug,FC-110,Gold,70,0.9,No,Closed
T11971,P1,Feb,VX-310,Standard,8,3.4,Yes,Closed
T11972,P3,Jan,VX-210,Platinum,210,19.5,Yes,Closed
T11973,P2,Mar,TL-220,Platinum,40,6.5,Yes,Closed
T11974,P3,Jan,FC-220,Standard,392,30.1,No,Closed
T11975,P3,Oct,FC-110,Gold,163,13.1,Yes,Closed
T11976,P3,Feb,TL-120,Gold,54,42.7,Yes,Closed
T11977,P3,Sep,HP-310,Gold,57,58.5,Yes,Closed
T11978,P4,Sep,SM-220,Standard,691,29.8,No,Closed
T11979,P4,Dec,VX-220,Standard,241,102.9,Yes,Closed
T11980,P2,Oct,SM-410,Platinum,29,3.6,Yes,Closed
T11981,P4,Oct,VX-110,Standard,73,62.0,Yes,Closed
T11982,P2,May,HP-410,Standard,10,5.5,Yes,Closed
T11983,P3,Jan,FC-120,Platinum,122,47.9,Yes,Closed
T11984,P2,Nov,SM-210,Standard,26,2.7,Yes,Closed
T11985,P3,Jan,SM-310,Platinum,431,18.8,No,Closed
T11986,P1,Jun,VX-220,Standard,9,2.5,Yes,Closed
T11987,P2,Jun,HP-210,Gold,65,8.8,No,Closed
T11988,P4,Mar,FC-210,Standard,389,82.5,Yes,Closed
T11989,P2,Aug,TL-310,Standard,38,7.3,Yes,Closed
T11990,P3,Aug,VX-220,Standard,163,29.4,Yes,Closed
T11991,P3,Oct,TL-110,Standard,323,55.5,No,Closed
T11992,P3,Nov,TL-310,Standard,87,37.8,Yes,Closed
T11993,P3,Nov,SM-210,Standard,385,67.8,No,Closed
T11994,P3,Jun,VX-210,Standard,115,48.6,Yes,Closed
T11995,P1,Jan,SM-120,Standard,13,1.2,Yes,Closed
T11996,P3,Nov,TL-210,Gold,37,49.3,Yes,Closed
T11997,P1,Jan,VX-110,Standard,4,0.9,Yes,Closed
T11998,P3,Feb,TL-220,Gold,79,11.3,Yes,Closed
T11999,P3,Jun,TL-310,Standard,60,28.4,Yes,Closed
T12000,P3,Jul,VX-120,Standard,107,59.6,Yes,Closed
T12001,P3,Aug,SM-210,Gold,57,52.3,Yes,Closed
T12002,P4,Jan,SM-110,Standard,415,84.0,Yes,Closed
T12003,P4,Sep,SM-310,Standard,423,105.5,Yes,Closed
T12004,P2,Nov,SM-220,Gold,55,4.1,Yes,Closed
T12005,P2,Apr,HP-310,Platinum,29,5.9,Yes,Closed
T12006,P4,Jan,HP-410,Gold,321,120.5,Yes,Closed
T12007,P3,May,HP-220,Standard,210,41.5,Yes,Closed
T12008,P2,Aug,TL-210,Standard,56,6.9,Yes,Closed
T12009,P3,Jun,VX-310,Platinum,91,33.9,Yes,Closed
T12010,P3,May,FC-210,Standard,47,49.0,Yes,Closed
T12011,P4,Sep,VX-220,Platinum,305,62.2,Yes,Closed
T12012,P3,May,SM-210,Standard,403,48.0,No,Closed
T12013,P4,Sep,HP-110,Platinum,373,54.6,Yes,Closed
T12014,P3,Apr,SM-310,Standard,214,62.6,Yes,Closed
T12015,P1,May,FC-210,Platinum,13,0.9,Yes,Closed
T12016,P3,Feb,TL-220,Gold,57,51.9,Yes,Closed
T12017,P2,Dec,VX-120,Gold,85,6.7,No,Closed
T12018,P2,Jun,FC-310,Standard,94,4.6,No,Closed
T12019,P1,May,TL-310,Platinum,6,3.8,Yes,Closed
T12020,P4,Sep,VX-410,Standard,539,150.6,No,Closed
T12021,P3,Mar,FC-220,Platinum,191,25.3,Yes,Closed
T12022,P4,Jan,VX-210,Standard,256,28.2,Yes,Closed
T12023,P1,Nov,TL-110,Standard,6,3.2,Yes,Closed
T12024,P3,Jun,VX-120,Platinum,220,47.8,Yes,Closed
T12025,P3,Jul,SM-210,Gold,164,57.8,Yes,Closed
T12026,P2,Nov,VX-310,Standard,64,4.4,No,Closed
T12027,P2,Oct,HP-120,Platinum,47,11.0,No,Closed
T12028,P3,Jul,SM-310,Gold,46,53.7,Yes,Closed
T12029,P3,Feb,SM-220,Standard,37,84.0,No,Closed
T12030,P4,Sep,VX-110,Platinum,404,120.6,Yes,Closed
T12031,P3,Sep,HP-220,Standard,135,56.4,Yes,Closed
T12032,P2,Sep,HP-310,Standard,47,2.2,Yes,Closed
T12033,P3,Jul,VX-410,Standard,52,32.2,Yes,Closed
T12034,P1,May,HP-120,Standard,12,0.7,Yes,Closed
T12035,P1,May,SM-110,Standard,7,5.8,No,Closed
T12036,P3,Jun,TL-120,Standard,192,51.4,Yes,Closed
T12037,P3,Sep,TL-210,Standard,146,36.8,Yes,Closed
T12038,P3,Oct,TL-410,Gold,114,13.0,Yes,Closed
T12039,P4,May,FC-110,Gold,794,201.7,No,Closed
T12040,P2,Jul,SM-310,Standard,85,0.9,No,Closed
T12041,P3,Aug,HP-210,Standard,213,12.8,Yes,Closed
T12042,P4,Aug,VX-410,Gold,177,71.3,Yes,Closed
T12043,P3,Apr,VX-110,Platinum,253,19.4,No,Closed
T12044,P3,Sep,HP-220,Gold,153,48.4,Yes,Closed
T12045,P2,May,VX-410,Standard,50,11.9,No,Closed
T12046,P2,Oct,TL-220,Gold,66,1.8,No,Closed
T12047,P1,Aug,HP-410,Standard,11,0.9,Yes,Closed
T12048,P2,Aug,VX-220,Platinum,27,7.5,Yes,Closed
T12049,P3,Jan,SM-120,Standard,181,21.8,Yes,Closed
T12050,P2,Apr,HP-110,Standard,39,5.7,Yes,Closed
T12051,P4,May,TL-310,Standard,173,128.4,Yes,Closed
T12052,P3,Oct,FC-120,Standard,124,20.0,Yes,Closed
T12053,P4,Jun,FC-110,Platinum,411,30.9,Yes,Closed
T12054,P4,Nov,FC-120,Gold,208,179.7,No,Closed
T12055,P3,Apr,SM-110,Standard,57,24.6,Yes,Closed
T12056,P3,Jan,SM-120,Gold,352,29.9,No,Closed
T12057,P3,Jul,FC-120,Platinum,179,41.3,Yes,Closed
T12058,P2,Aug,HP-310,Standard,56,5.1,Yes,Closed
T12059,P3,Jul,FC-410,Standard,139,52.6,Yes,Closed
T12060,P3,Apr,FC-110,Standard,368,61.1,No,Closed
T12061,P3,Aug,VX-310,Gold,106,30.8,Yes,Closed
T12062,P3,Jan,HP-410,Standard,121,12.9,Yes,Closed
T12063,P2,Nov,FC-220,Gold,106,6.5,No,Closed
T12064,P1,Aug,TL-110,Gold,4,5.7,No,Closed
T12065,P3,Jul,VX-220,Standard,73,45.6,Yes,Closed
T12066,P2,Dec,TL-220,Platinum,47,5.5,Yes,Closed
T12067,P2,Apr,VX-210,Standard,26,3.5,Yes,Closed
T12068,P2,Apr,TL-310,Gold,56,3.9,Yes,Closed
T12069,P4,Apr,VX-310,Gold,87,95.5,Yes,Closed
T12070,P4,Apr,FC-410,Standard,253,34.3,Yes,Closed
T12071,P2,Jun,HP-220,Standard,31,11.1,No,Closed
T12072,P3,Nov,HP-310,Standard,189,68.3,Yes,Closed
T12073,P1,Jun,HP-310,Standard,7,3.2,Yes,Closed
T12074,P3,Jul,TL-120,Platinum,122,55.8,Yes,Closed
T12075,P1,Jan,FC-310,Gold,4,0.5,Yes,Closed
T12076,P1,Mar,HP-110,Gold,8,1.9,Yes,Closed
T12077,P3,Aug,HP-310,Standard,200,14.7,Yes,Closed
T12078,P1,May,TL-220,Gold,11,2.3,Yes,Closed
T12079,P4,Mar,SM-220,Standard,113,41.1,Yes,Closed
T12080,P3,Jun,SM-120,Standard,37,16.7,Yes,Closed
T12081,P4,Apr,HP-120,Platinum,395,59.2,Yes,Closed
T12082,P3,Sep,TL-110,Platinum,122,37.3,Yes,Closed
T12083,P3,Oct,HP-220,Platinum,182,44.2,Yes,Closed
T12084,P2,Oct,SM-410,Platinum,27,0.8,Yes,Closed
T12085,P4,Jun,SM-310,Standard,350,31.6,Yes,Closed
T12086,P3,Feb,FC-310,Standard,198,64.6,Yes,Closed
T12087,P1,Jun,HP-310,Standard,8,3.5,Yes,Closed
T12088,P2,May,SM-220,Gold,11,0.9,Yes,Closed
T12089,P2,Oct,SM-120,Gold,99,3.4,No,Closed
T12090,P3,Jun,FC-120,Gold,41,22.7,Yes,Closed
T12091,P4,Jan,HP-410,Standard,170,84.2,Yes,Closed
T12092,P3,Apr,VX-220,Gold,80,23.1,Yes,Closed
T12093,P2,Apr,VX-310,Gold,16,1.3,Yes,Closed
T12094,P4,Nov,VX-310,Gold,223,114.3,Yes,Closed
T12095,P4,Jan,HP-410,Platinum,150,54.7,Yes,Closed
T12096,P2,Jan,VX-120,Standard,21,1.3,Yes,Closed
T12097,P4,Jun,VX-110,Gold,221,84.6,Yes,Closed
T12098,P2,May,TL-210,Gold,37,3.6,Yes,Closed
T12099,P3,Jun,TL-110,Standard,63,45.8,Yes,Closed
T12100,P3,May,FC-110,Standard,69,68.2,Yes,Closed
T12101,P3,Mar,TL-220,Gold,151,60.4,Yes,Closed
T12102,P2,Feb,FC-210,Standard,17,5.4,Yes,Closed
T12103,P3,Jul,SM-220,Standard,46,31.5,Yes,Closed
T12104,P2,Feb,TL-110,Standard,37,6.7,Yes,Closed
T12105,P2,Jul,FC-220,Gold,41,7.5,Yes,Closed
T12106,P2,Sep,FC-210,Standard,19,5.0,Yes,Closed
T12107,P1,Aug,VX-120,Standard,8,2.0,Yes,Closed
T12108,P1,May,FC-310,Platinum,11,1.7,Yes,Closed
T12109,P3,Aug,FC-120,Gold,66,8.9,Yes,Closed
T12110,P3,Nov,FC-310,Standard,406,23.3,No,Closed
T12111,P2,Apr,VX-210,Standard,13,1.0,Yes,Closed
T12112,P3,Mar,FC-410,Platinum,122,54.2,Yes,Closed
T12113,P4,May,SM-310,Standard,334,24.2,Yes,Closed
T12114,P4,Nov,TL-110,Standard,185,93.0,Yes,Closed
T12115,P3,Jun,TL-310,Platinum,112,64.1,Yes,Closed
T12116,P2,Mar,TL-210,Standard,36,1.6,Yes,Closed
T12117,P3,Feb,FC-110,Standard,53,32.9,Yes,Closed
T12118,P4,Sep,TL-220,Gold,269,130.5,Yes,Closed
T12119,P3,Jul,TL-410,Platinum,142,61.3,Yes,Closed
T12120,P3,Apr,FC-110,Gold,99,27.9,Yes,Closed
T12121,P2,Jun,HP-220,Standard,12,3.1,Yes,Closed
T12122,P3,Jan,VX-410,Standard,149,40.8,Yes,Closed
T12123,P1,Dec,TL-210,Standard,5,2.5,Yes,Closed
T12124,P3,Dec,FC-310,Standard,58,14.5,Yes,Closed
T12125,P4,Sep,SM-220,Standard,135,38.2,Yes,Closed
T12126,P3,May,VX-210,Standard,190,92.5,No,Closed
T12127,P2,May,TL-310,Standard,43,5.6,Yes,Closed
T12128,P3,Apr,SM-110,Platinum,50,60.6,Yes,Closed
T12129,P1,Mar,VX-220,Platinum,10,2.3,Yes,Closed
T12130,P1,Sep,VX-120,Platinum,12,2.0,Yes,Closed
T12131,P3,Jun,SM-210,Gold,64,39.9,Yes,Closed
T12132,P4,Jun,FC-110,Standard,355,44.2,Yes,Closed
T12133,P1,Aug,HP-410,Gold,6,1.5,Yes,Closed
T12134,P4,Dec,FC-120,Standard,577,124.3,No,Closed
T12135,P2,Jul,SM-210,Standard,57,6.2,Yes,Closed
T12136,P3,Mar,SM-120,Gold,74,42.8,Yes,Closed
T12137,P1,Aug,FC-120,Standard,12,0.6,Yes,Closed
T12138,P3,Jul,VX-110,Gold,116,88.8,No,Closed
T12139,P3,Jan,FC-210,Gold,402,30.0,No,Closed
T12140,P4,Sep,VX-110,Platinum,72,221.6,No,Closed
T12141,P2,Apr,VX-220,Platinum,38,2.5,Yes,Closed
T12142,P2,Feb,FC-220,Gold,39,2.1,Yes,Closed
T12143,P3,Sep,TL-310,Gold,298,8.7,No,Closed
T12144,P1,Dec,SM-410,Platinum,4,1.9,Yes,Closed
T12145,P3,Oct,TL-410,Gold,159,53.8,Yes,Closed
T12146,P3,Dec,VX-310,Gold,59,27.4,Yes,Closed
T12147,P2,Aug,FC-220,Platinum,24,1.2,Yes,Closed
T12148,P4,Mar,SM-410,Standard,204,154.4,Yes,Closed
T12149,P2,Apr,FC-220,Platinum,40,7.2,Yes,Closed
T12150,P2,Oct,SM-310,Gold,32,4.5,Yes,Closed
T12151,P1,May,FC-310,Gold,10,1.2,Yes,Closed
T12152,P4,Aug,VX-120,Standard,645,36.0,No,Closed
T12153,P2,Jan,SM-110,Platinum,37,7.3,Yes,Closed
T12154,P2,Jun,FC-310,Standard,33,2.1,Yes,Closed
T12155,P3,Oct,SM-120,Standard,207,56.0,Yes,Closed
T12156,P3,Nov,TL-110,Platinum,89,43.4,Yes,Closed
T12157,P2,Mar,FC-410,Gold,34,2.1,Yes,Closed
T12158,P3,Mar,HP-220,Gold,121,36.0,Yes,Closed
T12159,P2,Feb,HP-310,Standard,52,3.8,Yes,Closed
T12160,P3,Nov,HP-210,Platinum,209,44.9,Yes,Closed
T12161,P4,May,HP-410,Standard,539,77.2,No,Closed
T12162,P3,Mar,VX-120,Standard,185,49.8,Yes,Closed
T12163,P3,Apr,SM-120,Standard,125,66.9,Yes,Closed
T12164,P1,Apr,TL-220,Platinum,19,0.5,No,Closed
T12165,P3,Mar,SM-310,Standard,37,36.3,Yes,Closed
T12166,P3,Jul,TL-210,Gold,112,63.3,Yes,Closed
T12167,P4,Nov,HP-410,Platinum,736,200.4,No,Closed
T12168,P2,Mar,SM-410,Standard,22,1.3,Yes,Closed
T12169,P2,Jun,VX-120,Standard,51,7.4,Yes,Closed
T12170,P4,Apr,VX-210,Gold,761,68.5,No,Closed
T12171,P3,Aug,VX-220,Standard,65,57.2,Yes,Closed
T12172,P2,Mar,SM-110,Standard,24,1.4,Yes,Closed
T12173,P3,Sep,SM-220,Gold,111,11.9,Yes,Closed
T12174,P4,Jun,SM-110,Platinum,315,78.7,Yes,Closed
T12175,P2,Jan,VX-210,Gold,40,1.9,Yes,Closed
T12176,P2,Aug,HP-110,Standard,17,7.6,Yes,Closed
T12177,P4,Feb,HP-110,Gold,251,119.3,Yes,Closed
T12178,P3,Jan,VX-410,Platinum,213,28.8,Yes,Closed
T12179,P3,Aug,VX-210,Standard,133,82.1,No,Closed
T12180,P2,Dec,FC-220,Gold,36,2.6,Yes,Closed
T12181,P2,May,HP-220,Platinum,48,6.3,Yes,Closed
T12182,P1,Mar,VX-210,Gold,11,3.6,Yes,Closed
T12183,P4,Mar,TL-120,Gold,268,99.4,Yes,Closed
T12184,P2,Nov,SM-110,Platinum,27,4.9,Yes,Closed
T12185,P3,Dec,FC-410,Standard,183,16.5,Yes,Closed
T12186,P4,Aug,FC-120,Standard,632,98.6,No,Closed
T12187,P2,Sep,FC-120,Standard,38,6.7,Yes,Closed
T12188,P4,Jul,SM-120,Standard,112,22.6,Yes,Closed
T12189,P2,Mar,SM-410,Standard,33,5.3,Yes,Closed
T12190,P4,Apr,SM-210,Standard,404,77.6,Yes,Closed
T12191,P4,Dec,FC-310,Standard,598,52.8,No,Closed
T12192,P1,Apr,TL-410,Platinum,12,2.9,Yes,Closed
T12193,P2,Jun,VX-220,Platinum,10,2.3,Yes,Closed
T12194,P2,Jan,VX-220,Platinum,28,3.2,Yes,Closed
T12195,P1,May,TL-310,Standard,25,5.6,No,Closed
T12196,P3,Feb,SM-220,Standard,204,50.4,Yes,Closed
T12197,P3,Aug,HP-220,Platinum,351,48.3,No,Closed
T12198,P4,May,HP-210,Standard,418,105.3,Yes,Closed
T12199,P4,Sep,VX-410,Platinum,130,197.8,No,Closed
T12200,P3,Jul,VX-120,Standard,79,30.7,Yes,Closed
T12201,P2,Oct,VX-120,Standard,35,5.1,Yes,Closed
T12202,P3,Dec,HP-220,Standard,66,37.3,Yes,Closed
T12203,P3,Jul,SM-210,Standard,317,38.9,No,Closed
T12204,P2,Apr,FC-310,Platinum,40,7.0,Yes,Closed
T12205,P3,Feb,HP-410,Platinum,218,43.5,Yes,Closed
T12206,P3,Apr,VX-220,Gold,210,59.5,Yes,Closed
T12207,P3,Aug,TL-120,Gold,192,42.9,Yes,Closed
T12208,P2,Jan,TL-110,Platinum,15,5.2,Yes,Closed
T12209,P4,Feb,FC-310,Standard,423,62.8,Yes,Closed
T12210,P3,Feb,HP-120,Standard,184,17.1,Yes,Closed
T12211,P2,Sep,HP-120,Standard,30,5.0,Yes,Closed
T12212,P3,Jul,TL-210,Platinum,126,62.6,Yes,Closed
T12213,P4,Jan,SM-410,Platinum,214,24.5,Yes,Closed
T12214,P1,Mar,VX-410,Gold,14,2.9,Yes,Closed
T12215,P3,May,TL-120,Standard,76,53.7,Yes,Closed
T12216,P3,Sep,FC-210,Standard,212,24.9,Yes,Closed
T12217,P3,Nov,TL-410,Standard,85,55.4,Yes,Closed
T12218,P4,Apr,VX-310,Gold,227,82.7,Yes,Closed
T12219,P3,Apr,HP-310,Standard,99,12.7,Yes,Closed
T12220,P1,Jun,SM-220,Standard,13,2.1,Yes,Closed
T12221,P4,Apr,SM-310,Gold,435,53.0,Yes,Closed
T12222,P2,Nov,TL-310,Gold,56,5.4,Yes,Closed
T12223,P3,Jan,HP-120,Standard,223,11.9,Yes,Closed
T12224,P1,Nov,VX-210,Gold,6,3.3,Yes,Closed
T12225,P2,Jul,VX-120,Platinum,93,7.1,No,Closed
T12226,P3,Jul,VX-220,Gold,269,44.2,No,Closed
T12227,P2,Apr,TL-210,Standard,52,1.1,Yes,Closed
T12228,P2,May,FC-410,Standard,35,3.9,Yes,Closed
T12229,P4,Nov,HP-120,Standard,318,145.4,Yes,Closed
T12230,P3,Nov,HP-120,Standard,417,14.8,No,Closed
T12231,P3,Nov,TL-120,Standard,185,37.2,Yes,Closed
T12232,P3,Oct,FC-220,Platinum,96,37.3,Yes,Closed
T12233,P2,Dec,FC-110,Standard,47,4.0,Yes,Closed
T12234,P3,Nov,VX-410,Gold,166,23.0,Yes,Closed
T12235,P3,Oct,FC-210,Standard,178,9.6,Yes,Closed
T12236,P4,Sep,VX-110,Standard,180,79.3,Yes,Closed
T12237,P2,Nov,HP-110,Gold,27,1.9,Yes,Closed
T12238,P2,Apr,FC-120,Standard,44,9.4,No,Closed
T12239,P4,Jan,TL-310,Platinum,410,125.9,Yes,Closed
T12240,P3,Dec,VX-410,Platinum,167,62.4,Yes,Closed
T12241,P2,Mar,SM-120,Standard,14,4.0,Yes,Closed
T12242,P2,Dec,SM-210,Gold,30,7.0,Yes,Closed
T12243,P2,Mar,VX-110,Platinum,46,5.5,Yes,Closed
T12244,P4,Mar,FC-210,Standard,106,52.7,Yes,Closed
T12245,P1,Jun,FC-220,Standard,8,3.3,Yes,Closed
T12246,P4,Jun,HP-210,Standard,315,178.0,No,Closed
T12247,P3,Nov,VX-310,Platinum,137,25.9,Yes,Closed
T12248,P3,Oct,VX-310,Standard,74,57.7,Yes,Closed
T12249,P4,Sep,SM-210,Standard,453,136.4,Yes,Closed
T12250,P4,Dec,VX-310,Platinum,199,96.1,Yes,Closed
T12251,P3,Dec,HP-220,Standard,170,52.4,Yes,Closed
T12252,P4,Dec,SM-210,Standard,289,40.3,Yes,Closed
T12253,P4,Jul,SM-120,Standard,384,125.8,Yes,Closed
T12254,P3,Feb,VX-210,Standard,60,24.8,Yes,Closed
T12255,P2,Apr,VX-120,Standard,9,4.6,Yes,Closed
T12256,P2,Jun,HP-410,Standard,39,5.3,Yes,Closed
T12257,P3,Jan,TL-120,Standard,122,13.8,Yes,Closed
T12258,P1,Aug,VX-120,Gold,6,3.3,Yes,Closed
T12259,P1,Jan,SM-110,Standard,11,2.7,Yes,Closed
T12260,P4,Jul,TL-410,Platinum,426,28.0,Yes,Closed
T12261,P2,Feb,SM-120,Standard,16,6.7,Yes,Closed
T12262,P1,Jan,TL-120,Gold,14,6.2,No,Closed
T12263,P3,Dec,SM-220,Gold,170,62.9,Yes,Closed
T12264,P4,Jan,TL-410,Gold,336,100.2,Yes,Closed
T12265,P4,Nov,SM-120,Gold,337,123.5,Yes,Closed
T12266,P3,Oct,SM-220,Platinum,115,59.0,Yes,Closed
T12267,P4,Apr,SM-210,Gold,126,45.3,Yes,Closed
T12268,P3,Aug,TL-110,Standard,261,53.9,No,Closed
T12269,P3,May,HP-410,Standard,76,60.5,Yes,Closed
T12270,P3,Jul,HP-120,Platinum,158,15.8,Yes,Closed
T12271,P3,Apr,SM-120,Standard,49,68.3,Yes,Closed
T12272,P3,Mar,FC-410,Standard,321,47.9,No,Closed
T12273,P3,Dec,VX-410,Platinum,44,100.1,No,Closed
T12274,P4,Apr,HP-410,Platinum,73,110.4,Yes,Closed
T12275,P3,May,VX-310,Platinum,268,48.5,No,Closed
T12276,P1,Sep,VX-210,Standard,5,1.7,Yes,Closed
T12277,P3,May,VX-310,Standard,99,44.1,Yes,Closed
T12278,P3,Oct,SM-110,Gold,47,61.9,Yes,Closed
T12279,P4,Feb,SM-120,Standard,301,38.4,Yes,Closed
T12280,P4,Oct,HP-310,Gold,422,153.0,Yes,Closed
T12281,P1,Jan,FC-210,Standard,14,1.6,Yes,Closed
T12282,P1,Dec,VX-410,Gold,6,3.3,Yes,Closed
T12283,P3,Jan,FC-410,Standard,162,53.5,Yes,Closed
T12284,P2,Nov,VX-110,Gold,10,1.0,Yes,Closed
T12285,P3,Oct,VX-410,Standard,205,30.3,Yes,Closed
T12286,P3,Mar,SM-210,Standard,90,45.5,Yes,Closed
T12287,P3,Apr,VX-220,Gold,192,12.8,Yes,Closed
T12288,P4,Dec,HP-220,Platinum,177,104.1,Yes,Closed
T12289,P1,Apr,FC-210,Gold,14,1.3,Yes,Closed
T12290,P3,Apr,FC-220,Gold,200,37.2,Yes,Closed
T12291,P2,Jul,HP-120,Standard,27,7.4,Yes,Closed
T12292,P4,Sep,TL-110,Standard,207,45.8,Yes,Closed
T12293,P1,Oct,HP-410,Standard,11,2.9,Yes,Closed
T12294,P2,Feb,FC-410,Standard,32,3.2,Yes,Closed
T12295,P3,Oct,VX-120,Standard,181,36.8,Yes,Closed
T12296,P4,Feb,SM-120,Standard,137,56.5,Yes,Closed
T12297,P1,Jan,VX-410,Platinum,10,0.7,Yes,Closed
T12298,P3,Jul,VX-310,Gold,43,16.1,Yes,Closed
T12299,P4,Oct,TL-410,Platinum,279,99.0,Yes,Closed
T12300,P3,Jun,HP-220,Standard,212,66.6,Yes,Closed
T12301,P2,Aug,HP-120,Standard,41,2.6,Yes,Closed
T12302,P3,Nov,TL-110,Standard,90,51.0,Yes,Closed
T12303,P3,Feb,TL-210,Standard,62,30.6,Yes,Closed
T12304,P2,Aug,HP-310,Standard,12,1.9,Yes,Closed
T12305,P3,Jun,HP-210,Gold,91,67.9,Yes,Closed
T12306,P4,Jun,TL-210,Gold,835,78.3,No,Closed
T12307,P3,Aug,SM-210,Gold,189,28.4,Yes,Closed
T12308,P1,Jul,FC-310,Gold,12,1.3,Yes,Closed
T12309,P2,Mar,SM-120,Standard,56,1.3,Yes,Closed
T12310,P2,Jun,VX-120,Standard,31,4.0,Yes,Closed
T12311,P4,Apr,VX-410,Platinum,125,125.4,Yes,Closed
T12312,P1,Jan,SM-120,Gold,12,1.8,Yes,Closed
T12313,P3,Jun,TL-220,Standard,172,29.3,Yes,Closed
T12314,P1,Dec,SM-210,Standard,8,1.0,Yes,Closed
T12315,P3,Nov,TL-310,Standard,57,23.5,Yes,Closed
T12316,P2,Oct,VX-410,Gold,51,8.8,No,Closed
T12317,P3,Oct,HP-410,Gold,387,66.9,No,Closed
T12318,P3,Apr,FC-110,Gold,75,14.1,Yes,Closed
T12319,P2,Nov,SM-210,Standard,39,7.2,Yes,Closed
T12320,P2,Sep,TL-310,Platinum,30,5.6,Yes,Closed
T12321,P4,Apr,TL-410,Standard,399,85.4,Yes,Closed
T12322,P3,Nov,SM-210,Standard,301,49.8,No,Closed
T12323,P2,May,HP-410,Standard,57,1.6,Yes,Closed
T12324,P3,Feb,TL-220,Gold,205,36.3,Yes,Closed
T12325,P4,Nov,HP-410,Standard,200,124.1,Yes,Closed
T12326,P4,Jun,SM-220,Gold,413,23.2,Yes,Closed
T12327,P2,Feb,FC-220,Standard,53,4.3,Yes,Closed
T12328,P3,Oct,FC-110,Gold,355,49.4,No,Closed
T12329,P3,Sep,SM-310,Gold,196,47.0,Yes,Closed
T12330,P3,Oct,FC-110,Standard,145,49.5,Yes,Closed
T12331,P2,Jun,TL-110,Gold,88,3.5,No,Closed
T12332,P4,May,SM-120,Standard,415,56.6,Yes,Closed
T12333,P3,Sep,HP-220,Standard,66,16.9,Yes,Closed
T12334,P2,Aug,SM-210,Gold,35,7.2,Yes,Closed
T12335,P4,Oct,SM-410,Standard,408,96.9,Yes,Closed
T12336,P3,Sep,HP-120,Gold,89,67.6,Yes,Closed
T12337,P1,Jul,TL-410,Platinum,10,2.9,Yes,Closed
T12338,P2,May,TL-410,Gold,64,1.6,No,Closed
T12339,P3,Sep,SM-120,Platinum,226,25.0,Yes,Closed
T12340,P3,Dec,TL-410,Gold,339,14.7,No,Closed
T12341,P4,Mar,FC-110,Gold,508,35.7,No,Closed
T12342,P4,Aug,HP-310,Gold,274,24.0,Yes,Closed
T12343,P3,Apr,VX-310,Gold,115,87.7,No,Closed
T12344,P3,Nov,FC-110,Standard,138,40.6,Yes,Closed
T12345,P2,Aug,VX-310,Standard,16,2.9,Yes,Closed
T12346,P3,Aug,HP-220,Standard,57,57.5,Yes,Closed
T12347,P2,Jul,FC-310,Standard,45,5.2,Yes,Closed
T12348,P2,Nov,FC-120,Gold,100,5.0,No,Closed
T12349,P2,Feb,TL-410,Gold,11,5.1,Yes,Closed
T12350,P4,Sep,SM-210,Standard,250,139.4,Yes,Closed
T12351,P3,Aug,TL-210,Standard,141,52.7,Yes,Closed
T12352,P2,Dec,HP-220,Standard,40,2.2,Yes,Closed
T12353,P2,Nov,VX-110,Gold,27,4.7,Yes,Closed
T12354,P3,May,TL-410,Standard,133,8.4,Yes,Closed
T12355,P3,Oct,HP-410,Gold,165,32.4,Yes,Closed
T12356,P4,Sep,TL-410,Gold,452,90.7,Yes,Closed
T12357,P4,Jun,VX-310,Gold,238,130.4,Yes,Closed
T12358,P4,Dec,HP-110,Standard,435,69.6,Yes,Closed
T12359,P3,Jul,VX-220,Gold,205,49.1,Yes,Closed
T12360,P4,Jan,FC-220,Platinum,312,134.7,Yes,Closed
T12361,P2,Mar,VX-310,Standard,37,7.4,Yes,Closed
T12362,P4,Jun,HP-210,Platinum,603,74.4,No,Closed
T12363,P3,Jun,VX-210,Standard,70,85.1,No,Closed
T12364,P3,Nov,VX-210,Gold,137,65.1,Yes,Closed
T12365,P3,Sep,TL-410,Platinum,61,42.8,Yes,Closed
T12366,P2,Sep,HP-210,Gold,49,6.2,Yes,Closed
T12367,P4,Apr,VX-110,Standard,355,42.0,Yes,Closed
T12368,P2,Feb,FC-410,Standard,19,4.2,Yes,Closed
T12369,P2,Aug,TL-410,Gold,18,4.9,Yes,Closed
T12370,P2,Aug,SM-210,Standard,30,4.8,Yes,Closed
T12371,P3,Jul,SM-410,Gold,101,23.8,Yes,Closed
T12372,P2,Aug,SM-410,Standard,16,2.3,Yes,Closed
T12373,P4,Aug,VX-210,Standard,342,95.6,Yes,Closed
T12374,P2,Aug,SM-410,Standard,33,4.1,Yes,Closed
T12375,P3,Oct,FC-210,Standard,154,65.1,Yes,Closed
T12376,P1,Jan,VX-310,Platinum,9,1.6,Yes,Closed
T12377,P3,Mar,HP-110,Standard,272,56.8,No,Closed
T12378,P4,Sep,HP-220,Platinum,381,154.9,Yes,Closed
T12379,P4,Sep,HP-110,Standard,215,40.7,Yes,Closed
T12380,P2,Apr,VX-220,Gold,52,0.9,Yes,Closed
T12381,P3,Jul,SM-210,Standard,69,34.9,Yes,Closed
T12382,P3,Nov,SM-310,Platinum,210,43.8,Yes,Closed
T12383,P4,Jun,FC-120,Standard,378,67.6,Yes,Closed
T12384,P4,Mar,VX-210,Platinum,205,84.8,Yes,Closed
T12385,P4,Feb,VX-120,Gold,389,63.6,Yes,Closed
T12386,P3,Nov,TL-210,Standard,134,10.3,Yes,Closed
T12387,P1,May,TL-220,Gold,5,3.1,Yes,Closed
T12388,P4,Dec,SM-210,Standard,333,145.2,Yes,Closed
T12389,P1,Jan,VX-410,Standard,3,3.1,Yes,Closed
T12390,P2,Apr,FC-310,Standard,26,6.5,Yes,Closed
T12391,P4,Mar,HP-110,Platinum,145,51.1,Yes,Closed
T12392,P3,Apr,HP-410,Gold,133,38.0,Yes,Closed
T12393,P4,Mar,VX-410,Standard,452,22.0,Yes,Closed
T12394,P4,Dec,VX-220,Standard,278,145.0,Yes,Closed
T12395,P3,Aug,TL-410,Standard,88,30.2,Yes,Closed
T12396,P3,Aug,HP-110,Gold,168,10.0,Yes,Closed
T12397,P2,Aug,VX-110,Platinum,32,2.6,Yes,Closed
T12398,P4,Oct,VX-410,Standard,429,96.4,Yes,Closed
T12399,P3,Feb,VX-410,Gold,192,37.7,Yes,Closed
T12400,P4,Sep,TL-310,Platinum,348,128.8,Yes,Closed
T12401,P3,Mar,HP-120,Platinum,36,21.6,Yes,Closed
T12402,P2,Oct,HP-120,Standard,13,6.1,Yes,Closed
T12403,P4,Apr,VX-110,Standard,170,120.9,Yes,Closed
T12404,P1,Sep,HP-120,Platinum,12,1.4,Yes,Closed
T12405,P4,Jun,VX-220,Platinum,435,122.5,Yes,Closed
T12406,P4,Aug,VX-220,Standard,290,143.9,Yes,Closed
T12407,P4,May,FC-410,Platinum,384,27.6,Yes,Closed
T12408,P4,Feb,TL-410,Standard,444,39.6,Yes,Closed
T12409,P3,Mar,VX-210,Gold,165,48.8,Yes,Closed
T12410,P3,May,FC-120,Standard,200,23.3,Yes,Closed
T12411,P3,Aug,HP-220,Standard,121,36.5,Yes,Closed
T12412,P1,Jul,SM-410,Platinum,4,2.9,Yes,Closed
T12413,P2,Oct,TL-210,Standard,27,7.3,Yes,Closed
T12414,P2,May,HP-310,Platinum,30,5.1,Yes,Closed
T12415,P3,Feb,FC-210,Gold,206,15.7,Yes,Closed
T12416,P1,Mar,HP-110,Standard,4,3.2,Yes,Closed
T12417,P2,Apr,FC-410,Platinum,48,4.8,Yes,Closed
T12418,P2,Aug,TL-310,Gold,26,1.2,Yes,Closed
T12419,P4,Sep,FC-120,Standard,290,121.1,Yes,Closed
T12420,P2,Nov,FC-310,Standard,50,4.9,Yes,Closed
T12421,P4,Dec,HP-220,Standard,280,64.4,Yes,Closed
T12422,P3,Dec,HP-310,Standard,86,54.2,Yes,Closed
T12423,P2,Jun,TL-410,Standard,18,2.3,Yes,Closed
T12424,P4,Dec,SM-220,Gold,531,77.3,No,Closed
T12425,P3,Jan,HP-220,Platinum,224,36.9,Yes,Closed
T12426,P4,Jul,TL-210,Gold,603,42.2,No,Closed
T12427,P4,Feb,SM-310,Standard,406,122.5,Yes,Closed
T12428,P2,Sep,FC-120,Standard,86,1.2,No,Closed
T12429,P3,Nov,VX-310,Standard,129,38.0,Yes,Closed
T12430,P3,Dec,HP-120,Standard,41,52.3,Yes,Closed
T12431,P3,Oct,TL-310,Platinum,221,50.6,Yes,Closed
T12432,P3,Jan,VX-310,Standard,71,38.0,Yes,Closed
T12433,P2,Jun,HP-310,Standard,16,1.7,Yes,Closed
T12434,P3,Dec,VX-110,Standard,137,11.7,Yes,Closed
T12435,P3,Feb,VX-410,Gold,50,27.7,Yes,Closed
T12436,P3,Oct,FC-110,Gold,147,60.1,Yes,Closed
T12437,P4,May,TL-220,Gold,315,40.6,Yes,Closed
T12438,P2,Jun,TL-220,Gold,76,1.9,No,Closed
T12439,P3,Jan,FC-310,Standard,191,15.7,Yes,Closed
T12440,P3,Sep,FC-220,Standard,128,13.2,Yes,Closed
T12441,P4,Dec,VX-410,Platinum,672,195.0,No,Closed
T12442,P3,Jan,FC-210,Gold,79,22.4,Yes,Closed
T12443,P3,May,SM-220,Platinum,125,11.1,Yes,Closed
T12444,P2,Nov,HP-220,Gold,14,3.1,Yes,Closed
T12445,P3,Jul,HP-220,Standard,192,52.5,Yes,Closed
T12446,P3,Sep,VX-410,Gold,168,57.4,Yes,Closed
T12447,P3,Nov,TL-220,Standard,134,8.4,Yes,Closed
T12448,P3,Apr,TL-120,Platinum,141,17.2,Yes,Closed
T12449,P2,Nov,VX-110,Standard,84,1.7,No,Closed
T12450,P4,Dec,VX-110,Standard,279,120.0,Yes,Closed
T12451,P3,Dec,SM-120,Gold,188,56.1,Yes,Closed
T12452,P4,Feb,FC-120,Gold,312,58.4,Yes,Closed
T12453,P3,Jun,TL-110,Standard,142,20.9,Yes,Closed
T12454,P3,Jun,VX-120,Standard,91,43.1,Yes,Closed
T12455,P4,Sep,FC-120,Standard,443,42.9,Yes,Closed
T12456,P4,Mar,VX-120,Gold,159,68.4,Yes,Closed
T12457,P2,Aug,HP-410,Gold,17,5.1,Yes,Closed
T12458,P3,Dec,VX-410,Platinum,141,34.5,Yes,Closed
T12459,P3,Sep,HP-310,Gold,48,52.4,Yes,Closed
T12460,P1,Jul,HP-120,Standard,8,3.5,Yes,Closed
T12461,P3,Dec,TL-310,Standard,413,11.4,No,Closed
T12462,P4,May,TL-220,Gold,83,135.0,Yes,Closed
T12463,P2,Jan,VX-120,Gold,16,7.0,Yes,Closed
T12464,P2,Mar,FC-110,Platinum,23,5.8,Yes,Closed
T12465,P1,Jun,HP-310,Standard,11,1.4,Yes,Closed
T12466,P3,Nov,VX-220,Gold,160,22.3,Yes,Closed
T12467,P3,Nov,HP-210,Gold,103,53.7,Yes,Closed
T12468,P3,Dec,HP-110,Standard,199,9.8,Yes,Closed
T12469,P3,Jan,TL-220,Gold,137,60.1,Yes,Closed
T12470,P4,Jul,HP-410,Standard,390,156.4,Yes,Closed
T12471,P2,Feb,HP-410,Standard,22,1.1,Yes,Closed
T12472,P2,Feb,HP-220,Platinum,19,4.5,Yes,Closed
T12473,P2,Feb,VX-220,Standard,56,5.9,Yes,Closed
T12474,P3,Apr,HP-310,Gold,188,16.9,Yes,Closed
T12475,P2,Jun,FC-210,Platinum,95,6.5,No,Closed
T12476,P4,May,HP-120,Standard,342,112.4,Yes,Closed
T12477,P2,Dec,FC-210,Standard,22,2.5,Yes,Closed
T12478,P3,Apr,VX-310,Gold,56,64.1,Yes,Closed
T12479,P3,Nov,VX-410,Platinum,218,32.3,Yes,Closed
T12480,P3,Oct,SM-410,Platinum,206,45.1,Yes,Closed
T12481,P3,Aug,TL-110,Standard,76,53.3,Yes,Closed
T12482,P2,Jul,TL-310,Platinum,37,3.0,Yes,Closed
T12483,P2,May,SM-110,Gold,12,4.2,Yes,Closed
T12484,P3,Jan,TL-410,Standard,56,36.0,Yes,Closed
T12485,P1,Aug,VX-110,Platinum,4,6.0,No,Closed
T12486,P2,Dec,FC-210,Standard,14,2.7,Yes,Closed
T12487,P4,Nov,FC-310,Standard,248,146.9,Yes,Closed
T12488,P2,Oct,VX-120,Standard,50,1.9,Yes,Closed
T12489,P3,Mar,HP-220,Standard,214,64.3,Yes,Closed
T12490,P3,May,HP-120,Gold,216,58.5,Yes,Closed
T12491,P3,Sep,HP-120,Standard,202,64.8,Yes,Closed
T12492,P3,Mar,SM-410,Standard,125,21.4,Yes,Closed
T12493,P2,May,TL-120,Standard,51,6.9,Yes,Closed
T12494,P3,Nov,SM-120,Standard,146,57.5,Yes,Closed
T12495,P2,Sep,SM-310,Platinum,24,1.3,Yes,Closed
T12496,P3,Aug,FC-220,Standard,149,58.5,Yes,Closed
T12497,P4,Aug,VX-110,Platinum,227,62.1,Yes,Closed
T12498,P3,Jul,FC-110,Platinum,132,60.1,Yes,Closed
T12499,P3,Feb,SM-210,Platinum,219,67.6,Yes,Closed
T12500,P3,Dec,SM-210,Standard,104,81.6,No,Closed
T12501,P2,May,TL-210,Platinum,24,1.6,Yes,Closed
T12502,P1,Nov,TL-410,Platinum,12,1.8,Yes,Closed
T12503,P3,May,TL-210,Platinum,132,55.0,Yes,Closed
T12504,P4,Jul,HP-220,Platinum,115,110.2,Yes,Closed
T12505,P3,Sep,VX-310,Standard,196,9.1,Yes,Closed
T12506,P4,Jan,TL-310,Platinum,421,48.6,Yes,Closed
T12507,P4,May,TL-110,Standard,140,75.0,Yes,Closed
T12508,P3,Feb,VX-110,Standard,83,55.4,Yes,Closed
T12509,P3,Aug,VX-110,Platinum,285,15.4,No,Closed
T12510,P3,Jul,FC-120,Platinum,139,32.1,Yes,Closed
T12511,P1,Apr,VX-120,Standard,6,1.2,Yes,Closed
T12512,P1,Oct,VX-210,Platinum,6,1.7,Yes,Closed
T12513,P3,Jun,TL-310,Standard,100,13.6,Yes,Closed
T12514,P4,Jun,HP-120,Gold,127,111.8,Yes,Closed
T12515,P2,Feb,SM-120,Platinum,40,4.7,Yes,Closed
T12516,P3,Dec,VX-120,Platinum,39,7.3,Yes,Closed
T12517,P4,Feb,HP-220,Standard,847,69.3,No,Closed
T12518,P3,Feb,TL-410,Standard,187,30.9,Yes,Closed
T12519,P3,Apr,SM-310,Standard,304,63.5,No,Closed
T12520,P2,Sep,FC-410,Gold,41,7.3,Yes,Closed
T12521,P4,Nov,HP-210,Standard,685,100.5,No,Closed
T12522,P1,Jan,HP-310,Standard,4,3.4,Yes,Closed
T12523,P3,Jul,TL-120,Gold,208,16.5,Yes,Closed
T12524,P4,Nov,VX-310,Gold,283,83.9,Yes,Closed
T12525,P3,Sep,SM-220,Standard,122,54.3,Yes,Closed
T12526,P3,Aug,TL-220,Standard,159,21.7,Yes,Closed
T12527,P4,Dec,VX-110,Standard,203,146.3,Yes,Closed
T12528,P3,Mar,SM-410,Standard,187,16.0,Yes,Closed
T12529,P2,Oct,VX-110,Gold,39,4.4,Yes,Closed
T12530,P3,Nov,FC-410,Gold,203,31.1,Yes,Closed
T12531,P3,Aug,FC-120,Platinum,212,45.8,Yes,Closed
T12532,P3,Oct,VX-310,Standard,208,67.5,Yes,Closed
T12533,P3,May,TL-120,Standard,315,15.9,No,Closed
T12534,P2,Nov,VX-220,Gold,105,4.2,No,Closed
T12535,P3,Jun,TL-220,Gold,261,61.0,No,Closed
T12536,P3,Oct,VX-120,Standard,281,46.2,No,Closed
T12537,P3,Aug,TL-210,Platinum,176,47.7,Yes,Closed
T12538,P2,May,HP-220,Standard,52,3.0,Yes,Closed
T12539,P3,Jul,FC-410,Standard,177,20.4,Yes,Closed
T12540,P2,Feb,HP-120,Standard,49,2.6,Yes,Closed
T12541,P3,Jul,SM-220,Gold,96,28.7,Yes,Closed
T12542,P3,Oct,SM-220,Platinum,38,13.6,Yes,Closed
T12543,P1,Sep,TL-220,Standard,12,1.1,Yes,Closed
T12544,P4,Jan,TL-310,Standard,510,64.4,No,Closed
T12545,P2,May,TL-310,Standard,23,6.9,Yes,Closed
T12546,P3,Jul,HP-120,Standard,67,54.5,Yes,Closed
T12547,P3,Dec,SM-220,Gold,342,11.2,No,Closed
T12548,P4,Jul,HP-220,Platinum,75,97.9,Yes,Closed
T12549,P2,Feb,FC-410,Standard,40,11.9,No,Closed
T12550,P2,Jan,SM-310,Platinum,53,1.2,Yes,Closed
T12551,P4,Jun,HP-410,Gold,553,37.3,No,Closed
T12552,P1,Nov,HP-110,Standard,13,0.5,Yes,Closed
T12553,P4,Oct,HP-410,Platinum,120,35.3,Yes,Closed
T12554,P4,Jul,SM-410,Platinum,158,61.3,Yes,Closed
T12555,P3,Mar,TL-110,Standard,165,60.6,Yes,Closed
T12556,P4,Jan,SM-120,Standard,323,154.7,Yes,Closed
T12557,P2,Dec,HP-110,Standard,10,1.3,Yes,Closed
T12558,P4,Aug,VX-210,Gold,257,133.9,Yes,Closed
T12559,P3,Jul,FC-220,Platinum,71,60.9,Yes,Closed
T12560,P3,Feb,FC-220,Gold,152,43.5,Yes,Closed
T12561,P2,Jul,FC-110,Gold,51,5.7,Yes,Closed
T12562,P2,Jul,TL-220,Gold,32,7.5,Yes,Closed
T12563,P3,Feb,VX-210,Standard,356,20.3,No,Closed
T12564,P2,Mar,SM-310,Platinum,41,1.4,Yes,Closed
T12565,P2,Oct,VX-210,Platinum,46,1.1,Yes,Closed
T12566,P4,Nov,FC-210,Standard,429,52.7,Yes,Closed
T12567,P3,Nov,SM-120,Standard,102,45.3,Yes,Closed
T12568,P2,Jun,SM-110,Standard,50,6.4,Yes,Closed
T12569,P2,May,TL-120,Standard,39,3.8,Yes,Closed
T12570,P2,Oct,FC-110,Platinum,54,7.2,Yes,Closed
T12571,P4,Aug,HP-220,Gold,408,50.7,Yes,Closed
T12572,P3,Apr,HP-110,Standard,329,53.6,No,Closed
T12573,P1,Aug,SM-120,Gold,13,3.2,Yes,Closed
T12574,P4,May,TL-110,Standard,324,88.9,Yes,Closed
T12575,P3,Jun,VX-110,Standard,125,48.8,Yes,Closed
T12576,P2,Sep,FC-310,Standard,102,3.4,No,Closed
T12577,P4,Jul,TL-210,Standard,184,61.5,Yes,Closed
T12578,P2,Mar,TL-220,Standard,49,7.5,Yes,Closed
T12579,P2,Nov,VX-220,Platinum,33,5.3,Yes,Closed
T12580,P3,Feb,FC-210,Gold,199,33.5,Yes,Closed
T12581,P4,Jan,TL-220,Standard,89,93.0,Yes,Closed
T12582,P4,Jun,SM-110,Standard,353,181.5,No,Closed
T12583,P4,Dec,TL-120,Standard,211,200.6,No,Closed
T12584,P4,Aug,VX-120,Standard,211,159.4,Yes,Closed
T12585,P3,Nov,SM-120,Standard,106,12.3,Yes,Closed
T12586,P3,Jun,FC-410,Platinum,54,13.0,Yes,Closed
T12587,P3,Apr,HP-120,Gold,155,49.4,Yes,Closed
T12588,P3,Mar,FC-220,Gold,116,47.6,Yes,Closed
T12589,P3,Jan,TL-110,Standard,92,9.7,Yes,Closed
T12590,P3,Jun,SM-220,Platinum,44,40.8,Yes,Closed
T12591,P3,May,TL-410,Gold,370,41.4,No,Closed
T12592,P4,Oct,FC-110,Standard,143,268.6,No,Closed
T12593,P2,Sep,VX-410,Gold,39,3.7,Yes,Closed
T12594,P4,Jan,TL-210,Standard,218,59.0,Yes,Closed
T12595,P2,Dec,FC-110,Standard,28,1.4,Yes,Closed
T12596,P2,Jan,FC-410,Platinum,36,10.2,No,Closed
T12597,P3,Dec,FC-310,Standard,329,58.0,No,Closed
T12598,P2,Dec,HP-120,Gold,52,11.0,No,Closed
T12599,P4,Feb,HP-220,Standard,160,144.5,Yes,Closed
T12600,P3,Jun,HP-210,Platinum,305,47.8,No,Closed
T12601,P2,Feb,TL-410,Standard,81,5.9,No,Closed
T12602,P2,Dec,TL-120,Standard,14,6.3,Yes,Closed
T12603,P3,Mar,HP-210,Standard,297,51.3,No,Closed
T12604,P3,May,TL-120,Standard,378,35.6,No,Closed
T12605,P4,Dec,FC-210,Platinum,569,51.0,No,Closed
T12606,P4,Mar,FC-410,Standard,149,225.3,No,Closed
T12607,P4,Jun,SM-110,Platinum,640,139.7,No,Closed
T12608,P1,Apr,HP-410,Platinum,7,0.8,Yes,Closed
T12609,P1,Nov,TL-410,Standard,8,2.2,Yes,Closed
T12610,P4,May,HP-410,Gold,191,158.1,Yes,Closed
T12611,P3,Apr,HP-110,Standard,58,58.0,Yes,Closed
T12612,P2,Jul,TL-210,Platinum,37,3.4,Yes,Closed
T12613,P3,Oct,VX-210,Standard,163,53.3,Yes,Closed
T12614,P3,Dec,FC-110,Standard,131,65.5,Yes,Closed
T12615,P3,Apr,SM-220,Platinum,154,39.1,Yes,Closed
T12616,P3,Feb,FC-220,Standard,50,44.3,Yes,Closed
T12617,P3,Sep,TL-110,Platinum,51,33.7,Yes,Closed
T12618,P3,Mar,HP-110,Standard,89,61.4,Yes,Closed
T12619,P2,Aug,HP-110,Gold,17,7.6,Yes,Closed
T12620,P2,Apr,VX-110,Standard,41,1.1,Yes,Closed
T12621,P4,Apr,TL-220,Standard,360,81.4,Yes,Closed
T12622,P3,Apr,TL-220,Platinum,261,15.9,No,Closed
T12623,P4,Oct,HP-310,Standard,105,85.5,Yes,Closed
T12624,P2,Dec,FC-410,Gold,43,5.8,Yes,Closed
T12625,P2,Jul,HP-110,Standard,35,5.6,Yes,Closed
T12626,P2,Aug,VX-220,Platinum,41,7.3,Yes,Closed
T12627,P4,Apr,VX-210,Standard,435,100.6,Yes,Closed
T12628,P3,Sep,FC-220,Standard,53,41.6,Yes,Closed
T12629,P3,Aug,SM-110,Platinum,176,65.4,Yes,Closed
T12630,P3,Oct,FC-210,Standard,85,30.4,Yes,Closed
T12631,P3,Jan,TL-120,Gold,300,34.6,No,Closed
T12632,P4,Feb,SM-210,Standard,326,32.2,Yes,Closed
T12633,P3,Feb,VX-120,Standard,99,11.2,Yes,Closed
T12634,P4,Oct,TL-210,Gold,303,152.7,Yes,Closed
T12635,P3,Jun,VX-120,Gold,62,17.5,Yes,Closed
T12636,P3,Aug,FC-310,Platinum,54,31.8,Yes,Closed
T12637,P3,Jun,TL-410,Standard,138,16.4,Yes,Closed
T12638,P3,Jun,FC-410,Standard,161,52.1,Yes,Closed
T12639,P1,Dec,FC-110,Standard,4,2.9,Yes,Closed
T12640,P1,Jul,VX-120,Standard,3,3.3,Yes,Closed
T12641,P3,Nov,VX-220,Platinum,79,68.1,Yes,Closed
T12642,P3,Jan,HP-220,Gold,208,85.4,No,Closed
T12643,P4,Jan,VX-220,Platinum,235,96.0,Yes,Closed
T12644,P4,Jan,FC-410,Standard,391,86.0,Yes,Closed
T12645,P4,Nov,VX-310,Platinum,81,61.0,Yes,Closed
T12646,P1,Mar,VX-410,Standard,5,2.5,Yes,Closed
T12647,P3,Feb,SM-410,Platinum,166,108.9,No,Closed
T12648,P3,Feb,TL-210,Standard,169,40.5,Yes,Closed
T12649,P2,May,SM-220,Standard,25,5.7,Yes,Closed
T12650,P3,Sep,TL-210,Standard,400,32.9,No,Closed
T12651,P2,Jul,HP-310,Gold,13,1.3,Yes,Closed
T12652,P2,Feb,VX-410,Gold,11,2.2,Yes,Closed
T12653,P4,Jun,VX-120,Standard,723,37.2,No,Closed
T12654,P3,Oct,VX-210,Standard,104,47.0,Yes,Closed
T12655,P4,Sep,TL-210,Gold,276,39.9,Yes,Closed
T12656,P3,Mar,TL-110,Standard,139,59.8,Yes,Closed
T12657,P3,Jun,TL-410,Gold,308,37.8,No,Closed
T12658,P4,Nov,TL-120,Platinum,409,46.8,Yes,Closed
T12659,P3,Oct,FC-210,Standard,145,16.7,Yes,Closed
T12660,P1,Jan,TL-110,Gold,5,2.6,Yes,Closed
T12661,P2,Jul,HP-120,Gold,26,5.4,Yes,Closed
T12662,P2,Sep,FC-110,Platinum,40,5.4,Yes,Closed
T12663,P2,Jan,TL-310,Gold,10,11.4,No,Closed
T12664,P3,Mar,TL-410,Standard,123,37.0,Yes,Closed
T12665,P3,Sep,VX-120,Standard,202,14.3,Yes,Closed
T12666,P3,Dec,TL-210,Standard,156,29.1,Yes,Closed
T12667,P2,Oct,SM-210,Platinum,33,12.2,No,Closed
T12668,P4,Jun,FC-120,Standard,356,116.9,Yes,Closed
T12669,P4,Mar,FC-120,Gold,190,123.9,Yes,Closed
T12670,P1,Apr,SM-220,Gold,12,0.5,Yes,Closed
T12671,P4,May,TL-310,Gold,378,106.2,Yes,Closed
T12672,P3,Jun,TL-120,Standard,186,7.2,Yes,Closed
T12673,P2,Feb,HP-410,Platinum,28,1.0,Yes,Closed
T12674,P3,Jul,HP-210,Standard,179,8.1,Yes,Closed
T12675,P3,Jul,TL-410,Standard,75,25.6,Yes,Closed
T12676,P2,Nov,VX-310,Gold,30,4.6,Yes,Closed
T12677,P3,May,TL-310,Platinum,65,48.8,Yes,Closed
T12678,P3,Apr,HP-210,Standard,201,66.7,Yes,Closed
T12679,P3,Apr,HP-220,Standard,37,19.2,Yes,Closed
T12680,P1,Feb,TL-120,Gold,7,2.4,Yes,Closed
T12681,P3,May,HP-120,Platinum,92,14.9,Yes,Closed
T12682,P2,Nov,SM-210,Standard,101,1.1,No,Closed
T12683,P4,Jun,TL-210,Standard,528,51.2,No,Closed
T12684,P2,May,TL-120,Standard,46,1.0,Yes,Closed
T12685,P4,Jan,FC-220,Standard,341,86.0,Yes,Closed
T12686,P3,May,FC-120,Gold,308,53.9,No,Closed
T12687,P1,Feb,SM-110,Platinum,12,3.7,Yes,Closed
T12688,P4,Nov,FC-410,Standard,145,145.8,Yes,Closed
T12689,P2,Mar,FC-120,Standard,36,3.3,Yes,Closed
T12690,P4,Jan,HP-110,Gold,294,157.5,Yes,Closed
T12691,P2,Mar,FC-210,Platinum,36,4.0,Yes,Closed
T12692,P3,Sep,VX-120,Standard,427,11.8,No,Closed
T12693,P3,Mar,SM-410,Platinum,91,68.0,Yes,Closed
T12694,P3,Jun,VX-310,Standard,310,23.4,No,Closed
T12695,P2,Jun,HP-120,Platinum,30,4.4,Yes,Closed
T12696,P3,Mar,FC-410,Standard,121,36.1,Yes,Closed
T12697,P1,Jan,TL-210,Standard,3,0.6,Yes,Closed
T12698,P4,Mar,HP-310,Platinum,417,29.5,Yes,Closed
T12699,P3,Jul,HP-310,Standard,198,33.2,Yes,Closed
T12700,P3,Dec,VX-110,Standard,112,22.4,Yes,Closed
T12701,P3,Apr,HP-120,Standard,167,42.8,Yes,Closed
T12702,P4,Aug,TL-110,Platinum,430,140.1,Yes,Closed
T12703,P3,Mar,FC-410,Standard,314,102.6,No,Closed
T12704,P2,Dec,TL-220,Standard,50,5.9,Yes,Closed
T12705,P1,Jul,HP-120,Platinum,5,2.2,Yes,Closed
T12706,P4,Oct,TL-220,Platinum,433,146.1,Yes,Closed
T12707,P3,Sep,VX-110,Platinum,146,59.7,Yes,Closed
T12708,P4,Dec,VX-210,Standard,646,130.3,No,Closed
T12709,P4,Mar,TL-410,Standard,610,113.8,No,Closed
T12710,P1,May,HP-310,Gold,10,4.8,No,Closed
T12711,P2,Oct,VX-220,Gold,50,6.1,Yes,Closed
T12712,P4,Mar,VX-310,Platinum,88,124.3,Yes,Closed
T12713,P3,Nov,HP-410,Gold,221,40.4,Yes,Closed
T12714,P3,Aug,SM-110,Standard,392,38.5,No,Closed
T12715,P2,Aug,TL-110,Standard,54,5.1,Yes,Closed
T12716,P2,Oct,TL-220,Gold,36,0.9,Yes,Closed
T12717,P3,Aug,VX-410,Gold,206,50.1,Yes,Closed
T12718,P2,May,TL-410,Gold,14,4.7,Yes,Closed
T12719,P3,Sep,TL-410,Gold,145,60.8,Yes,Closed
T12720,P4,Sep,HP-220,Gold,214,108.6,Yes,Closed
T12721,P4,Sep,HP-110,Platinum,219,72.7,Yes,Closed
T12722,P3,Apr,HP-310,Gold,421,46.1,No,Closed
T12723,P4,Dec,HP-210,Standard,247,188.8,No,Closed
T12724,P4,Dec,TL-220,Platinum,190,35.6,Yes,Closed
T12725,P4,Apr,TL-220,Standard,96,23.0,Yes,Closed
T12726,P4,Aug,VX-310,Platinum,117,134.2,Yes,Closed
T12727,P4,Nov,SM-410,Platinum,112,127.4,Yes,Closed
T12728,P3,Jul,HP-110,Platinum,192,32.5,Yes,Closed
T12729,P4,Jan,TL-110,Standard,106,24.7,Yes,Closed
T12730,P4,Nov,VX-120,Standard,251,133.4,Yes,Closed
T12731,P2,Nov,HP-120,Standard,53,7.1,Yes,Closed
T12732,P4,Jun,VX-220,Standard,166,86.9,Yes,Closed
T12733,P3,May,TL-120,Standard,164,80.9,No,Closed
T12734,P3,Jan,FC-210,Standard,131,17.0,Yes,Closed
T12735,P3,Aug,FC-220,Standard,65,8.5,Yes,Closed
T12736,P3,Jan,FC-410,Gold,95,49.1,Yes,Closed
T12737,P4,May,VX-410,Platinum,401,65.8,Yes,Closed
T12738,P3,Nov,VX-210,Gold,75,11.9,Yes,Closed
T12739,P1,Aug,VX-410,Standard,4,1.7,Yes,Closed
T12740,P3,Nov,TL-220,Gold,50,65.6,Yes,Closed
T12741,P2,Jun,HP-110,Standard,30,1.1,Yes,Closed
T12742,P1,Jun,HP-210,Standard,6,3.1,Yes,Closed
T12743,P3,May,TL-120,Standard,136,16.6,Yes,Closed
T12744,P2,Jun,TL-310,Standard,24,2.5,Yes,Closed
T12745,P3,May,VX-310,Platinum,103,57.6,Yes,Closed
T12746,P3,Aug,VX-210,Gold,150,17.5,Yes,Closed
T12747,P4,Jul,SM-210,Gold,255,31.5,Yes,Closed
T12748,P4,Jan,HP-310,Platinum,396,37.4,Yes,Closed
T12749,P3,Jan,SM-220,Gold,136,30.1,Yes,Closed
T12750,P2,Aug,FC-210,Platinum,17,1.9,Yes,Closed
T12751,P4,Sep,VX-110,Platinum,106,100.9,Yes,Closed
T12752,P4,Apr,SM-410,Platinum,97,97.8,Yes,Closed
T12753,P4,Oct,HP-120,Gold,405,54.5,Yes,Closed
T12754,P3,Mar,TL-310,Gold,66,20.6,Yes,Closed
T12755,P1,Feb,TL-120,Platinum,11,1.9,Yes,Closed
T12756,P3,Sep,HP-210,Standard,116,8.8,Yes,Closed
T12757,P1,Aug,SM-110,Standard,10,1.3,Yes,Closed
T12758,P3,Nov,TL-120,Standard,47,43.8,Yes,Closed
T12759,P2,Mar,VX-410,Standard,56,6.5,Yes,Closed
T12760,P1,Dec,HP-220,Standard,5,3.3,Yes,Closed
T12761,P3,Sep,VX-110,Gold,292,18.9,No,Closed
T12762,P1,Aug,FC-220,Gold,11,0.5,Yes,Closed
T12763,P3,Aug,TL-120,Gold,259,10.2,No,Closed
T12764,P2,May,HP-210,Standard,42,6.9,Yes,Closed
T12765,P3,Mar,VX-410,Standard,151,34.2,Yes,Closed
T12766,P3,Dec,TL-410,Gold,347,33.5,No,Closed
T12767,P4,May,SM-220,Gold,338,25.3,Yes,Closed
T12768,P1,Oct,HP-110,Gold,14,2.2,Yes,Closed
T12769,P3,Apr,HP-120,Platinum,299,61.3,No,Closed
T12770,P3,Jul,TL-120,Platinum,290,9.1,No,Closed
T12771,P3,Jun,HP-220,Platinum,137,23.6,Yes,Closed
T12772,P3,Sep,TL-410,Platinum,98,34.6,Yes,Closed
T12773,P3,Oct,SM-110,Platinum,154,36.6,Yes,Closed
T12774,P1,Feb,HP-210,Platinum,11,1.7,Yes,Closed
T12775,P2,Apr,TL-120,Platinum,77,5.7,No,Closed
T12776,P2,May,FC-210,Standard,31,4.0,Yes,Closed
T12777,P2,Nov,FC-310,Standard,40,5.9,Yes,Closed
T12778,P4,Jan,VX-120,Standard,213,124.7,Yes,Closed
T12779,P2,Sep,FC-120,Standard,28,4.4,Yes,Closed
T12780,P3,Sep,SM-120,Gold,146,37.9,Yes,Closed
T12781,P4,Feb,SM-120,Standard,326,52.3,Yes,Closed
T12782,P3,Jun,HP-210,Gold,77,17.4,Yes,Closed
T12783,P3,Jul,TL-410,Standard,62,32.2,Yes,Closed
T12784,P2,Aug,TL-220,Platinum,10,1.9,Yes,Closed
T12785,P4,Mar,VX-310,Standard,432,185.3,No,Closed
T12786,P3,Aug,TL-120,Standard,129,52.9,Yes,Closed
T12787,P3,Jul,TL-110,Gold,84,20.6,Yes,Closed
T12788,P4,Jan,VX-410,Standard,772,61.6,No,Closed
T12789,P2,May,FC-120,Gold,24,4.2,Yes,Closed
T12790,P3,Jun,VX-120,Gold,416,58.8,No,Closed
T12791,P2,May,SM-310,Gold,55,7.3,Yes,Closed
T12792,P2,Feb,FC-220,Gold,47,5.8,Yes,Closed
T12793,P3,Dec,FC-210,Gold,202,61.4,Yes,Closed
T12794,P4,Apr,HP-110,Standard,513,100.2,No,Closed
T12795,P4,Oct,VX-210,Standard,108,30.8,Yes,Closed
T12796,P2,Sep,HP-410,Platinum,42,5.9,Yes,Closed
T12797,P2,Nov,HP-110,Gold,47,3.0,Yes,Closed
T12798,P2,Aug,FC-220,Standard,56,2.7,Yes,Closed
T12799,P4,Sep,HP-210,Standard,354,18.6,Yes,Closed
T12800,P4,Aug,TL-210,Gold,364,86.8,Yes,Closed
T12801,P4,Dec,VX-120,Gold,172,127.5,Yes,Closed
T12802,P2,May,TL-120,Gold,15,9.3,No,Closed
T12803,P1,Jan,FC-220,Platinum,10,2.2,Yes,Closed
T12804,P3,Nov,TL-220,Gold,79,26.7,Yes,Closed
T12805,P4,Sep,VX-110,Gold,273,122.0,Yes,Closed
T12806,P4,Mar,FC-110,Standard,212,126.6,Yes,Closed
T12807,P3,Nov,FC-220,Standard,223,99.5,No,Closed
T12808,P1,Nov,TL-220,Gold,4,2.3,Yes,Closed
T12809,P4,Apr,TL-120,Platinum,318,115.9,Yes,Closed
T12810,P3,May,SM-410,Gold,79,24.7,Yes,Closed
T12811,P3,Nov,FC-120,Standard,142,28.8,Yes,Closed
T12812,P3,Apr,HP-310,Platinum,212,45.0,Yes,Closed
T12813,P2,Oct,TL-110,Standard,68,1.1,No,Closed
T12814,P3,Nov,HP-120,Standard,80,24.2,Yes,Closed
T12815,P2,Sep,TL-110,Gold,18,7.4,Yes,Closed
T12816,P1,Mar,FC-110,Platinum,5,1.7,Yes,Closed
T12817,P3,Jan,TL-120,Gold,370,22.5,No,Closed
T12818,P3,Aug,SM-410,Gold,195,10.2,Yes,Closed
T12819,P3,Jan,TL-210,Platinum,172,55.0,Yes,Closed
T12820,P2,Apr,TL-410,Gold,16,1.8,Yes,Closed
T12821,P1,Aug,TL-410,Standard,3,1.4,Yes,Closed
T12822,P2,Dec,TL-220,Standard,57,2.0,Yes,Closed
T12823,P4,Dec,FC-120,Gold,168,34.3,Yes,Closed
T12824,P4,Oct,FC-310,Standard,156,24.4,Yes,Closed
T12825,P2,Apr,VX-110,Standard,49,11.5,No,Closed
T12826,P1,Mar,HP-120,Platinum,10,0.8,Yes,Closed
T12827,P2,Mar,HP-220,Standard,12,7.5,Yes,Closed
T12828,P4,Jun,SM-110,Gold,197,34.4,Yes,Closed
T12829,P3,Mar,VX-220,Gold,127,61.1,Yes,Closed
T12830,P4,Jun,VX-210,Standard,367,148.3,Yes,Closed
T12831,P3,Mar,SM-310,Gold,202,66.2,Yes,Closed
T12832,P2,Mar,TL-210,Platinum,46,7.5,Yes,Closed
T12833,P3,Feb,VX-220,Standard,131,20.5,Yes,Closed
T12834,P4,May,FC-110,Standard,274,18.1,Yes,Closed
T12835,P1,Jul,TL-110,Standard,11,3.5,Yes,Closed
T12836,P3,Apr,HP-120,Standard,177,21.5,Yes,Closed
T12837,P4,Jul,SM-110,Standard,317,99.7,Yes,Closed
T12838,P3,Jun,FC-410,Platinum,86,51.3,Yes,Closed
T12839,P3,May,SM-210,Standard,213,60.1,Yes,Closed
T12840,P2,Nov,HP-220,Standard,40,4.7,Yes,Closed
T12841,P4,Nov,SM-120,Gold,242,154.1,Yes,Closed
T12842,P3,Jun,HP-110,Gold,120,41.6,Yes,Closed
T12843,P2,Oct,TL-120,Standard,27,4.6,Yes,Closed
T12844,P2,Jul,HP-410,Standard,12,6.4,Yes,Closed
T12845,P3,Dec,TL-410,Gold,399,44.0,No,Closed
T12846,P4,Sep,FC-220,Gold,186,214.0,No,Closed
T12847,P3,Mar,VX-120,Standard,73,51.5,Yes,Closed
T12848,P1,Nov,SM-120,Standard,13,2.3,Yes,Closed
T12849,P3,Oct,HP-210,Standard,151,40.8,Yes,Closed
T12850,P3,Jul,FC-410,Standard,57,11.2,Yes,Closed
T12851,P3,Apr,VX-210,Platinum,101,55.9,Yes,Closed
T12852,P3,Aug,HP-120,Standard,158,44.4,Yes,Closed
T12853,P3,Dec,FC-110,Standard,112,51.0,Yes,Closed
T12854,P3,Mar,SM-110,Standard,189,61.2,Yes,Closed
T12855,P3,May,SM-410,Standard,89,48.1,Yes,Closed
T12856,P3,Jul,TL-310,Standard,148,24.7,Yes,Closed
T12857,P3,Aug,HP-410,Gold,96,109.3,No,Closed
T12858,P4,Jun,VX-110,Platinum,312,38.3,Yes,Closed
T12859,P2,Feb,VX-210,Platinum,40,4.5,Yes,Closed
T12860,P3,Dec,SM-220,Standard,172,51.4,Yes,Closed
T12861,P2,Apr,SM-220,Gold,31,5.8,Yes,Closed
T12862,P3,Dec,FC-110,Gold,223,18.6,Yes,Closed
T12863,P3,Jul,TL-110,Gold,131,17.8,Yes,Closed
T12864,P3,Feb,TL-410,Standard,109,48.2,Yes,Closed
T12865,P2,Apr,SM-410,Platinum,24,7.3,Yes,Closed
T12866,P4,Mar,TL-120,Standard,663,112.3,No,Closed
T12867,P2,Mar,FC-120,Standard,56,7.2,Yes,Closed
T12868,P3,Dec,HP-110,Gold,92,33.2,Yes,Closed
T12869,P1,Dec,VX-220,Gold,3,2.4,Yes,Closed
T12870,P4,Jul,VX-220,Standard,298,86.6,Yes,Closed
T12871,P2,Sep,FC-120,Standard,27,5.3,Yes,Closed
T12872,P4,Aug,FC-310,Gold,722,141.3,No,Closed
T12873,P3,Apr,TL-120,Platinum,211,51.2,Yes,Closed
T12874,P3,Aug,TL-110,Gold,53,17.0,Yes,Closed
T12875,P2,Feb,TL-120,Standard,21,7.3,Yes,Closed
T12876,P2,Jun,SM-110,Standard,25,7.6,Yes,Closed
T12877,P1,Jan,FC-110,Standard,6,2.9,Yes,Closed
T12878,P4,Jul,TL-120,Gold,165,67.0,Yes,Closed
T12879,P2,Aug,HP-310,Standard,48,6.9,Yes,Closed
T12880,P1,Mar,VX-110,Gold,6,1.0,Yes,Closed
T12881,P3,Mar,HP-210,Platinum,116,13.1,Yes,Closed
T12882,P3,Nov,FC-410,Gold,86,9.0,Yes,Closed
T12883,P1,Dec,FC-110,Gold,9,0.6,Yes,Closed
T12884,P3,Jan,HP-410,Standard,49,32.5,Yes,Closed
T12885,P2,Jan,VX-410,Standard,75,6.3,No,Closed
T12886,P3,May,HP-220,Gold,181,8.9,Yes,Closed
T12887,P3,Nov,FC-220,Gold,44,64.8,Yes,Closed
T12888,P3,May,VX-310,Platinum,139,25.8,Yes,Closed
T12889,P1,Jul,FC-220,Standard,3,1.3,Yes,Closed
T12890,P3,Aug,SM-310,Platinum,143,15.4,Yes,Closed
T12891,P3,Oct,SM-310,Standard,115,11.0,Yes,Closed
T12892,P4,Apr,FC-120,Platinum,142,29.5,Yes,Closed
T12893,P3,Aug,HP-410,Platinum,78,65.8,Yes,Closed
T12894,P3,Jul,SM-110,Gold,105,49.3,Yes,Closed
T12895,P4,Jun,SM-110,Gold,435,101.7,Yes,Closed
T12896,P4,Sep,FC-310,Standard,244,62.2,Yes,Closed
T12897,P3,Dec,SM-410,Standard,89,29.3,Yes,Closed
T12898,P1,Nov,FC-120,Gold,5,1.1,Yes,Closed
T12899,P4,Jul,FC-110,Platinum,384,81.1,Yes,Closed
T12900,P1,Aug,TL-310,Gold,10,3.1,Yes,Closed
T12901,P4,Jul,SM-210,Platinum,207,52.9,Yes,Closed
T12902,P3,May,TL-220,Platinum,68,56.6,Yes,Closed
T12903,P4,May,HP-110,Gold,171,138.9,Yes,Closed
T12904,P2,Feb,VX-120,Platinum,39,2.0,Yes,Closed
T12905,P3,Feb,TL-220,Gold,324,66.6,No,Closed
T12906,P4,Mar,HP-210,Gold,230,157.5,Yes,Closed
T12907,P3,Aug,HP-310,Standard,101,46.1,Yes,Closed
T12908,P3,Jun,SM-110,Standard,210,62.3,Yes,Closed
T12909,P3,May,FC-120,Gold,132,21.9,Yes,Closed
T12910,P3,Jan,FC-120,Gold,155,57.0,Yes,Closed
T12911,P1,May,SM-120,Standard,11,5.7,No,Closed
T12912,P2,Apr,SM-310,Platinum,15,5.9,Yes,Closed
T12913,P4,Sep,TL-220,Standard,429,131.8,Yes,Closed
T12914,P4,Oct,HP-220,Gold,205,131.9,Yes,Closed
T12915,P4,Sep,SM-310,Gold,849,144.7,No,Closed
T12916,P3,Aug,HP-120,Platinum,121,59.6,Yes,Closed
T12917,P4,Jan,TL-410,Platinum,108,43.1,Yes,Closed
T12918,P4,Feb,SM-410,Standard,435,74.1,Yes,Closed
T12919,P3,Mar,VX-120,Platinum,90,60.0,Yes,Closed
T12920,P2,Mar,FC-220,Gold,42,1.4,Yes,Closed
T12921,P3,May,HP-120,Standard,412,45.6,No,Closed
T12922,P3,Mar,FC-310,Standard,399,23.2,No,Closed
T12923,P3,Nov,FC-110,Standard,219,29.0,Yes,Closed
T12924,P2,Oct,VX-110,Gold,16,5.1,Yes,Closed
T12925,P4,Sep,VX-410,Standard,182,116.4,Yes,Closed
T12926,P4,Jul,FC-310,Standard,803,35.5,No,Closed
T12927,P2,Oct,TL-210,Standard,35,5.0,Yes,Closed
T12928,P3,Nov,SM-310,Platinum,151,17.6,Yes,Closed
T12929,P4,Aug,HP-310,Gold,131,117.0,Yes,Closed
T12930,P4,May,SM-210,Gold,107,152.6,Yes,Closed
T12931,P3,Nov,HP-410,Standard,139,35.5,Yes,Closed
T12932,P1,Oct,HP-310,Standard,13,1.4,Yes,Closed
T12933,P2,Dec,TL-410,Gold,17,0.9,Yes,Closed
T12934,P3,Jun,SM-410,Standard,124,44.0,Yes,Closed
T12935,P3,Sep,HP-310,Platinum,155,34.7,Yes,Closed
T12936,P3,Apr,TL-410,Standard,145,12.1,Yes,Closed
T12937,P3,Feb,VX-220,Platinum,163,65.0,Yes,Closed
T12938,P3,Nov,TL-310,Standard,158,14.3,Yes,Closed
T12939,P3,Mar,HP-310,Gold,192,99.0,No,Closed
T12940,P3,Sep,SM-210,Standard,153,7.7,Yes,Closed
T12941,P4,Jul,FC-220,Gold,265,77.2,Yes,Closed
T12942,P1,Jul,FC-120,Gold,7,1.3,Yes,Closed
T12943,P3,Jan,VX-310,Standard,62,79.8,No,Closed
T12944,P4,Jan,SM-310,Gold,172,41.9,Yes,Closed
T12945,P2,Apr,FC-120,Standard,49,5.0,Yes,Closed
T12946,P3,Mar,TL-210,Platinum,98,29.0,Yes,Closed
T12947,P4,May,SM-210,Standard,199,55.0,Yes,Closed
T12948,P3,Nov,TL-410,Standard,54,55.8,Yes,Closed
T12949,P3,Nov,HP-410,Gold,56,39.4,Yes,Closed
T12950,P4,Jul,FC-310,Gold,568,148.0,No,Closed
T12951,P4,May,HP-220,Standard,388,134.1,Yes,Closed
T12952,P3,Nov,VX-210,Standard,347,22.0,No,Closed
T12953,P4,Nov,SM-210,Gold,132,25.3,Yes,Closed
T12954,P3,Mar,HP-410,Standard,119,32.6,Yes,Closed
T12955,P3,Nov,TL-310,Gold,323,90.3,No,Closed
T12956,P2,Sep,TL-310,Standard,53,7.0,Yes,Closed
T12957,P2,Apr,TL-210,Standard,80,5.7,No,Closed
T12958,P3,Nov,VX-410,Platinum,170,30.1,Yes,Closed
T12959,P4,Jun,SM-310,Platinum,174,34.2,Yes,Closed
T12960,P2,Dec,TL-210,Gold,11,2.5,Yes,Closed
T12961,P2,Jun,HP-120,Platinum,79,5.9,No,Closed
T12962,P3,Feb,SM-410,Platinum,271,52.6,No,Closed
T12963,P4,Apr,HP-110,Standard,322,32.9,Yes,Closed
T12964,P3,Sep,HP-410,Gold,147,34.9,Yes,Closed
T12965,P2,Jul,HP-310,Gold,48,7.3,Yes,Closed
T12966,P3,Jun,HP-210,Standard,176,63.6,Yes,Closed
T12967,P1,Oct,TL-120,Gold,11,3.3,Yes,Closed
T12968,P3,Aug,FC-110,Platinum,129,35.5,Yes,Closed
T12969,P4,May,HP-110,Platinum,755,138.7,No,Closed
T12970,P4,Jun,TL-410,Standard,191,72.9,Yes,Closed
T12971,P3,Mar,TL-310,Platinum,151,18.0,Yes,Closed
T12972,P2,Jun,TL-220,Standard,38,4.9,Yes,Closed
T12973,P2,Jan,TL-310,Gold,99,5.9,No,Closed
T12974,P3,Sep,HP-310,Gold,162,21.1,Yes,Closed
T12975,P1,Dec,HP-310,Standard,8,1.9,Yes,Closed
T12976,P3,Mar,TL-210,Standard,415,51.7,No,Closed
T12977,P1,Jun,HP-110,Platinum,7,3.4,Yes,Closed
T12978,P2,Jun,VX-120,Standard,45,3.2,Yes,Closed
T12979,P4,Jul,VX-310,Gold,259,264.4,No,Closed
T12980,P2,May,SM-210,Standard,35,6.3,Yes,Closed
T12981,P2,Apr,SM-120,Standard,30,7.6,Yes,Closed
T12982,P4,Dec,TL-410,Standard,334,68.7,Yes,Closed
T12983,P3,Dec,VX-310,Standard,48,64.0,Yes,Closed
T12984,P1,Jul,VX-220,Standard,8,1.8,Yes,Closed
T12985,P3,Apr,FC-120,Standard,112,37.8,Yes,Closed
T12986,P3,Oct,HP-110,Standard,193,34.3,Yes,Closed
T12987,P3,Apr,HP-410,Standard,97,57.3,Yes,Closed
T12988,P3,Nov,SM-310,Standard,134,35.4,Yes,Closed
T12989,P3,May,SM-220,Platinum,108,26.4,Yes,Closed
T12990,P3,Dec,TL-120,Standard,142,49.6,Yes,Closed
T12991,P4,Sep,FC-110,Standard,154,217.6,No,Closed
T12992,P4,Aug,VX-210,Gold,90,147.4,Yes,Closed
T12993,P4,Oct,VX-210,Gold,448,47.3,Yes,Closed
T12994,P4,May,SM-120,Platinum,329,147.7,Yes,Closed
T12995,P2,Jun,TL-410,Gold,17,5.9,Yes,Closed
T12996,P4,Oct,SM-110,Gold,417,106.9,Yes,Closed
T12997,P2,Apr,FC-410,Platinum,41,1.0,Yes,Closed
T12998,P2,Dec,VX-120,Gold,26,3.1,Yes,Closed
T12999,P3,Mar,FC-210,Gold,329,44.3,No,Closed
T13000,P3,Feb,HP-110,Standard,351,36.1,No,Closed
